Date,Open,High,Low,Close,Adj Close,Volume,Daliy Return
2015/9/17,28.915001,29.122499,28.43,28.48,26.318771,256450400,1
2015/9/18,28.0525,28.575001,27.967501,28.362499,26.210186,297141200,0.995874263
2015/9/21,28.4175,28.842501,28.415001,28.8025,26.616798,200888000,1.015513478
2015/9/22,28.344999,28.545,28.129999,28.35,26.198639,201384800,0.984289558
2015/9/23,28.407499,28.68,28.325001,28.58,26.41118,143026800,1.008112875
2015/9/24,28.3125,28.875,28.092501,28.75,26.568277,200878000,1.005948216
2015/9/25,29.110001,29.172501,28.504999,28.6775,26.50128,224607600,0.997478261
2015/9/28,28.4625,28.6425,28.110001,28.110001,25.976849,208436000,0.980211002
2015/9/29,28.2075,28.377501,26.965,27.264999,25.195972,293461600,0.969939453
2015/9/30,27.5425,27.885,27.182501,27.575001,25.482449,265892000,1.011369962
2015/10/1,27.2675,27.405001,26.827499,27.395,25.316107,255716400,0.993472312
2015/10/2,27.002501,27.752501,26.887501,27.594999,25.500929,232079200,1.007300566
2015/10/5,27.469999,27.842501,27.2675,27.695,25.593342,208258800,1.003623881
2015/10/6,27.657499,27.934999,27.442499,27.827499,25.715784,192787200,1.004784221
2015/10/7,27.934999,27.942499,27.352501,27.695,25.593342,187062400,0.995238559
2015/10/8,27.547501,27.547501,27.0525,27.375,25.297623,247918400,0.988445568
2015/10/9,27.5,28.07,27.372499,28.030001,25.902922,211064400,1.023926977
2015/10/12,28.182501,28.1875,27.860001,27.9,25.782785,121868800,0.995362077
2015/10/13,27.705,28.112499,27.67,27.9475,25.826679,132197200,1.001702509
2015/10/14,27.8225,27.879999,27.389999,27.5525,25.461657,177849600,0.985866357
2015/10/15,27.7325,28.025,27.622499,27.965,25.842854,150694000,1.014971418
2015/10/16,27.945,28,27.6325,27.76,25.653408,156930400,0.992669408
2015/10/19,27.700001,27.9375,27.5275,27.932501,25.81282,119036800,1.006214013
2015/10/20,27.834999,28.5425,27.705,28.442499,26.284117,195871200,1.018258229
2015/10/21,28.5,28.895,28.424999,28.440001,26.281809,167180800,0.999912174
2015/10/22,28.5825,28.875,28.525,28.875,26.683798,166616400,1.015295323
2015/10/23,29.174999,29.807501,29.0825,29.77,27.510878,237467600,1.030995671
2015/10/26,29.52,29.532499,28.73,28.82,26.632969,265335200,0.96808868
2015/10/27,28.85,29.135,28.497499,28.637501,26.464319,279537600,0.993667627
2015/10/28,29.2325,29.825001,29.014999,29.817499,27.554773,342205600,1.041204643
2015/10/29,29.674999,30.172501,29.567499,30.1325,27.845867,204909200,1.0105643
2015/10/30,30.247499,30.305,29.862499,29.875,27.607912,197461200,0.99145441
2015/11/2,30.200001,30.34,29.9025,30.295,27.99604,128813200,1.014058577
2015/11/3,30.1975,30.872499,30.174999,30.6425,28.317165,182076000,1.01147054
2015/11/4,30.782499,30.955,30.405001,30.5,28.18548,179544400,0.995349596
2015/11/5,30.4625,30.672501,30.045,30.23,28.055548,158210800,0.991147541
2015/11/6,30.2775,30.452499,30.155001,30.264999,28.088028,132169200,1.001157757
2015/11/9,30.24,30.452499,30.012501,30.1425,27.974346,135485600,0.995952453
2015/11/10,29.225,29.5175,29.014999,29.192499,27.092672,236511600,0.968483006
2015/11/11,29.092501,29.355,28.8025,29.0275,26.939545,180872000,0.994347897
2015/11/12,29.065001,29.205,28.9125,28.93,26.849056,130102400,0.996641116
2015/11/13,28.799999,28.8925,28.067499,28.084999,26.064838,183249600,0.970791531
2015/11/16,27.844999,28.559999,27.75,28.545,26.491756,152426800,1.016378886
2015/11/17,28.73,28.762501,28.33,28.422501,26.378065,110467600,0.995708565
2015/11/18,28.940001,29.372499,28.875,29.3225,27.213324,186698800,1.031665018
2015/11/19,29.41,29.9375,29.190001,29.695,27.559031,173183200,1.012703555
2015/11/20,29.799999,29.98,29.7125,29.825001,27.67968,137148400,1.004377875
2015/11/23,29.817499,29.932501,29.334999,29.4375,27.320057,129930000,0.987007511
2015/11/24,29.3325,29.8375,29.280001,29.719999,27.582235,171212800,1.009596569
2015/11/25,29.8025,29.807501,29.48,29.5075,27.385017,85553200,0.992849966
2015/11/27,29.5725,29.602501,29.4,29.452499,27.333977,52185600,0.998136033
2015/11/30,29.497499,29.852501,29.4375,29.575001,27.447666,156721200,1.004159308
2015/12/1,29.6875,29.702499,29.215,29.334999,27.224922,139409600,0.991884971
2015/12/2,29.334999,29.5275,29.02,29.07,26.978989,133546400,0.990966456
2015/12/3,29.137501,29.1975,28.555,28.799999,26.728411,166278000,0.99071204
2015/12/4,28.8225,29.8125,28.7775,29.7575,27.617037,231108000,1.033246564
2015/12/7,29.745001,29.965,29.452499,29.57,27.443026,128336800,0.993699067
2015/12/8,29.379999,29.65,29.215,29.557501,27.431423,137238000,0.999577308
2015/12/9,29.41,29.422501,28.77,28.905001,26.825855,185445600,0.977924385
2015/12/10,29.01,29.235001,28.877501,29.0425,26.953466,116850800,1.004756928
2015/12/11,28.797501,28.8475,28.2125,28.295,26.259735,187544800,0.974261858
2015/12/14,28.045,28.17,27.4475,28.120001,26.097322,257274800,0.993815197
2015/12/15,27.985001,28.200001,27.5875,27.622499,25.635612,213292400,0.982307895
2015/12/16,27.7675,27.997499,27.200001,27.834999,25.832823,224954000,1.007693004
2015/12/17,28.004999,28.0625,27.245001,27.245001,25.285263,179091200,0.978803736
2015/12/18,27.227501,27.379999,26.452499,26.5075,24.600809,385813200,0.972930777
2015/12/21,26.82,26.842501,26.3925,26.8325,24.902431,190362400,1.012260681
2015/12/22,26.85,26.93,26.612499,26.807501,24.879232,131157600,0.999068331
2015/12/23,26.817499,27.2125,26.799999,27.1525,25.199411,130629600,1.012869495
2015/12/24,27.25,27.25,26.987499,27.0075,25.064844,54281600,0.994659792
2015/12/28,26.897499,26.922501,26.545,26.705,24.784105,106816800,0.988799408
2015/12/29,26.74,27.3575,26.715,27.184999,25.229576,123724800,1.017974125
2015/12/30,27.145,27.174999,26.795,26.83,24.90011,100855200,0.986941364
2015/12/31,26.752501,26.7575,26.205,26.315001,24.422157,163649200,0.980805106
2016/1/4,25.6525,26.342501,25.5,26.3375,24.443037,270597600,1.000854988
2016/1/5,26.4375,26.4625,25.602501,25.6775,23.830513,223164000,0.974940674
2016/1/6,25.139999,25.592501,24.967501,25.174999,23.364161,273829600,0.980430299
2016/1/7,24.67,25.032499,24.1075,24.112499,22.378082,324377600,0.95779543
2016/1/8,24.637501,24.7775,24.190001,24.24,22.496408,283192000,1.005287756
2016/1/11,24.7425,24.764999,24.334999,24.6325,22.860676,198957600,1.016192244
2016/1/12,25.137501,25.172501,24.709999,24.99,23.192465,196616800,1.014513346
2016/1/13,25.08,25.297501,24.325001,24.3475,22.596178,249758400,0.974289716
2016/1/14,24.49,25.120001,23.934999,24.879999,23.09037,252680400,1.021870788
2016/1/15,24.049999,24.4275,23.84,24.282499,22.535858,319335600,0.975984726
2016/1/19,24.602501,24.6625,23.875,24.165001,22.426809,212350800,0.995161206
2016/1/20,23.775,24.547501,23.355,24.1975,22.45697,289337600,1.001344879
2016/1/21,24.264999,24.469999,23.735001,24.075001,22.343281,208646000,0.994937535
2016/1/22,24.657499,25.365,24.592501,25.355,23.53121,263202000,1.053167142
2016/1/25,25.379999,25.3825,24.8025,24.860001,23.071817,207178000,0.980477263
2016/1/26,24.9825,25.219999,24.5175,24.997499,23.199427,300308000,1.005530893
2016/1/27,24.01,24.157499,23.334999,23.355,21.675074,533478800,0.934293467
2016/1/28,23.4475,23.629999,23.0975,23.522499,21.830519,222715200,1.007171869
2016/1/29,23.6975,24.334999,23.5875,24.334999,22.584578,257666000,1.034541398
2016/2/1,24.1175,24.1775,23.85,24.1075,22.373442,163774000,0.990651366
2016/2/2,23.855,24.01,23.57,23.620001,21.921011,149428800,0.979778119
2016/2/3,23.75,24.209999,23.52,24.0875,22.354887,183857200,1.019792506
2016/2/4,23.965,24.3325,23.797501,24.15,22.534504,185886800,1.002594707
2016/2/5,24.129999,24.23,23.422501,23.504999,21.93265,185672400,0.973291884
2016/2/8,23.282499,23.924999,23.26,23.752501,22.163597,216085600,1.01052976
2016/2/9,23.5725,23.985001,23.4825,23.747499,22.158932,177324800,0.999789412
2016/2/10,23.98,24.0875,23.525,23.567499,21.990967,169374400,0.992420254
2016/2/11,23.4475,23.68,23.147499,23.424999,21.858,200298800,0.993953537
2016/2/12,23.547501,23.625,23.252501,23.497499,21.92565,161405600,1.003094984
2016/2/16,23.754999,24.2125,23.6525,24.16,22.543837,196231600,1.028194533
2016/2/17,24.1675,24.5525,24.0375,24.530001,22.889088,179452800,1.015314611
2016/2/18,24.709999,24.7225,24.022499,24.065001,22.455187,156084000,0.981043621
2016/2/19,24,24.190001,23.950001,24.01,22.40387,141496800,0.997714482
2016/2/22,24.077499,24.225,23.98,24.219999,22.599817,137123200,1.008746314
2016/2/23,24.1,24.125,23.637501,23.672501,22.088942,127770400,0.977394797
2016/2/24,23.495001,24.094999,23.33,24.025,22.417862,145022800,1.014890653
2016/2/25,24.012501,24.190001,23.8125,24.190001,22.571829,110330800,1.006867888
2016/2/26,24.299999,24.504999,24.145,24.227501,22.606819,115964400,1.001550227
2016/2/29,24.215,24.557501,24.1625,24.172501,22.555504,140865200,0.997729853
2016/3/1,24.4125,25.192499,24.355,25.1325,23.451281,201628400,1.039714509
2016/3/2,25.127501,25.2225,24.91,25.1875,23.502602,132678400,1.002188401
2016/3/3,25.145,25.4275,25.112499,25.375,23.677561,147822800,1.007444169
2016/3/4,25.592501,25.9375,25.342501,25.752501,24.029806,184220400,1.014876887
2016/3/7,25.5975,25.7075,25.24,25.467501,23.763876,143315600,0.988933114
2016/3/8,25.195,25.440001,25.1,25.2575,23.567921,126247600,0.991754158
2016/3/9,25.327499,25.395,25.067499,25.280001,23.588915,108806800,1.000890864
2016/3/10,25.352501,25.559999,25.0375,25.2925,23.600578,134054400,1.000494422
2016/3/11,25.559999,25.57,25.375,25.565001,23.854849,109632800,1.010773984
2016/3/14,25.477501,25.727501,25.445,25.629999,23.915501,100304400,1.00254246
2016/3/15,25.99,26.295,25.9625,26.145,24.396051,160270800,1.02009368
2016/3/16,26.1525,26.577499,26.147499,26.4925,24.720304,153214000,1.01329126
2016/3/17,26.379999,26.6175,26.24,26.450001,24.680645,137682800,0.99839581
2016/3/18,26.584999,26.625,26.297501,26.48,24.708641,176820800,1.001134178
2016/3/21,26.4825,26.9125,26.285,26.477501,24.706308,142010800,0.999905627
2016/3/22,26.3125,26.8225,26.3025,26.68,24.895262,129777600,1.007647965
2016/3/23,26.620001,26.7675,26.475,26.532499,24.757627,102814000,0.994471477
2016/3/24,26.3675,26.5625,26.2225,26.4175,24.650322,104532000,0.995665731
2016/3/28,26.5,26.547501,26.264999,26.297501,24.538349,77645600,0.995457594
2016/3/29,26.2225,26.9475,26.219999,26.92,25.119209,124760400,1.023671413
2016/3/30,27.1625,27.605,27.15,27.389999,25.557766,182404400,1.017459101
2016/3/31,27.43,27.475,27.219999,27.247499,25.424799,103553600,0.994797371
2016/4/1,27.195,27.5,27.049999,27.497499,25.658073,103496000,1.009175154
2016/4/4,27.605,28.047501,27.567499,27.780001,25.921675,149424800,1.010273734
2016/4/5,27.377501,27.682501,27.355,27.452499,25.616087,106314800,0.988210872
2016/4/6,27.557501,27.745001,27.299999,27.74,25.88435,105616400,1.010472671
2016/4/7,27.487499,27.605,27.030001,27.135,25.319826,127207600,0.978190339
2016/4/8,27.227501,27.442499,27.0425,27.165001,25.347818,94326800,1.00110562
2016/4/11,27.2425,27.6525,27.2075,27.254999,25.431795,117630000,1.003313013
2016/4/12,27.334999,27.625,27.165001,27.610001,25.763046,108929200,1.013025207
2016/4/13,27.700001,28.084999,27.700001,28.01,26.136292,133029200,1.014487468
2016/4/14,27.905001,28.0975,27.8325,28.025,26.150288,101895600,1.000535523
2016/4/15,28.0275,28.075001,27.432501,27.4625,25.625418,187756000,0.979928635
2016/4/18,27.2225,27.237499,26.735001,26.870001,25.072552,243286000,0.978425162
2016/4/19,26.969999,27,26.557501,26.727501,24.939585,129539600,0.994696688
2016/4/20,26.66,27.022499,26.514999,26.782499,24.990908,122444000,1.002057731
2016/4/21,26.7325,26.7325,26.379999,26.4925,24.720304,126210000,0.989172071
2016/4/22,26.252501,26.620001,26.155001,26.42,24.652653,134732400,0.997263376
2016/4/25,26.25,26.4125,26.127501,26.27,24.512693,112126400,0.994322483
2016/4/26,25.977501,26.325001,25.977501,26.0875,24.342396,224064800,0.993052912
2016/4/27,24,24.6775,23.92,24.455,22.819101,458408400,0.937422137
2016/4/28,24.4025,24.469999,23.5625,23.7075,22.121607,328970800,0.969433654
2016/4/29,23.497499,23.68,23.127501,23.434999,21.867334,274126000,0.988505705
2016/5/2,23.4925,23.52,23.1,23.41,21.844006,192640400,0.998933262
2016/5/3,23.549999,23.934999,23.42,23.795,22.203251,227325200,1.016445963
2016/5/4,23.799999,23.975,23.455,23.547501,21.972309,164102000,0.989598697
2016/5/5,23.5,23.5175,23.17,23.309999,21.883125,143562000,0.989913919
2016/5/6,23.342501,23.362499,22.9625,23.18,21.761086,174799600,0.994423037
2016/5/9,23.25,23.442499,23.147499,23.1975,21.777508,131745600,1.000754961
2016/5/10,23.3325,23.3925,23.0275,23.355,21.925369,134747200,1.006789525
2016/5/11,23.370001,23.3925,23.115,23.127501,21.71179,114876400,0.990259088
2016/5/12,23.18,23.195,22.3675,22.584999,21.202499,305258800,0.976542991
2016/5/13,22.5,22.9175,22.5,22.629999,21.244749,177571200,1.001992473
2016/5/16,23.0975,23.5975,22.9125,23.469999,22.033329,245039200,1.03711887
2016/5/17,23.637501,23.674999,23.252501,23.372499,21.941797,187667600,0.99584576
2016/5/18,23.540001,23.8025,23.4725,23.639999,22.192921,168249600,1.011445075
2016/5/19,23.66,23.66,23.3925,23.549999,22.108427,121768400,0.996192893
2016/5/20,23.66,23.8575,23.629999,23.805,22.34782,128104000,1.010828068
2016/5/23,23.967501,24.297501,23.9175,24.1075,22.631807,152074400,1.012707414
2016/5/24,24.305,24.522499,24.209999,24.475,22.976812,140560800,1.015244219
2016/5/25,24.6675,24.934999,24.5275,24.905001,23.380487,152675200,1.017568989
2016/5/26,24.92,25.182501,24.66,25.102501,23.565899,225324800,1.007930134
2016/5/27,24.860001,25.1175,24.8125,25.0875,23.551815,145364800,0.99940241
2016/5/31,24.9,25.1,24.705,24.965,23.436817,169228800,0.99511709
2016/6/1,24.754999,24.885,24.5825,24.615,23.108234,116693200,0.985980373
2016/6/2,24.4,24.459999,24.157499,24.43,22.934566,160766400,0.992484258
2016/6/3,24.4475,24.567499,24.362499,24.48,22.981503,114019600,1.002046664
2016/6/6,24.497499,25.4725,24.387501,24.657499,23.148138,93170000,1.007250776
2016/6/7,24.8125,24.967501,24.74,24.7575,23.242016,89638000,1.004055602
2016/6/8,24.754999,24.889999,24.67,24.735001,23.220892,83392400,0.999091225
2016/6/9,24.625,24.997499,24.615,24.9125,23.387529,106405600,1.007176026
2016/6/10,24.6325,24.8375,24.620001,24.7075,23.195082,126851600,0.991771199
2016/6/13,24.672501,24.780001,24.275,24.334999,22.845379,152082000,0.984923566
2016/6/14,24.33,24.620001,24.1875,24.365,22.873541,127727600,1.001232833
2016/6/15,24.455,24.602501,24.2575,24.285,22.798441,117780800,0.996716602
2016/6/16,24.112499,24.4375,24.0175,24.387501,22.89467,125307200,1.004220754
2016/6/17,24.155001,24.1625,23.825001,23.8325,22.373636,244032800,0.9772424
2016/6/20,24,24.1425,23.7575,23.775,22.319662,137647600,0.997587328
2016/6/21,23.735001,24.0875,23.67,23.977501,22.509762,142185600,1.008517392
2016/6/22,24.0625,24.2225,23.8375,23.887501,22.425274,116876400,0.996246481
2016/6/23,23.985001,24.0725,23.8125,24.025,22.554356,128960800,1.005756107
2016/6/24,23.227501,23.665001,23.1625,23.35,21.920677,301245600,0.971904266
2016/6/27,23.25,23.262501,22.875,23.01,21.601484,181958400,0.985438972
2016/6/28,23.225,23.415001,23.035,23.397499,21.965269,161779600,1.016840461
2016/6/29,23.4925,23.637501,23.407499,23.6,22.155369,146124000,1.008654814
2016/6/30,23.610001,23.942499,23.575001,23.9,22.43701,143345600,1.012711864
2016/7/1,23.872499,24.1175,23.8325,23.9725,22.50507,104106000,1.003033473
2016/7/5,23.8475,23.85,23.615,23.747499,22.293844,110820800,0.990614204
2016/7/6,23.65,23.915001,23.592501,23.8825,22.42058,123796400,1.005684851
2016/7/7,23.924999,24.125,23.905001,23.985001,22.516806,100558400,1.004291887
2016/7/8,24.122499,24.2225,24.012501,24.17,22.690481,115648400,1.007713112
2016/7/11,24.1875,24.4125,24.182501,24.245001,22.760891,95179600,1.003103062
2016/7/12,24.2925,24.424999,24.280001,24.355,22.864161,96670000,1.004536977
2016/7/13,24.352501,24.4175,24.209999,24.217501,22.735071,103568800,0.994354383
2016/7/14,24.3475,24.747499,24.33,24.6975,23.185694,155676000,1.019820336
2016/7/15,24.73,24.825001,24.625,24.695,23.183344,120548000,0.999898775
2016/7/18,24.674999,25.032499,24.65,24.9575,23.429779,145975600,1.010629682
2016/7/19,24.889999,25,24.834999,24.967501,23.439165,95119600,1.000400721
2016/7/20,25,25.115,24.934999,24.99,23.460289,105104000,1.000901131
2016/7/21,24.9575,25.25,24.782499,24.8575,23.335901,130808000,0.994697879
2016/7/22,24.815001,24.825001,24.577499,24.665001,23.155182,113254800,0.992255899
2016/7/25,24.5625,24.709999,24.23,24.334999,22.845379,161531600,0.986620637
2016/7/26,24.205,24.4925,24.105,24.1675,22.688135,224959200,0.993116951
2016/7/27,26.067499,26.0875,25.6875,25.737499,24.162024,369379200,1.064963236
2016/7/28,25.7075,26.112499,25.705,26.084999,24.488249,159479200,1.0135017
2016/7/29,26.047501,26.137501,25.92,26.0525,24.457745,110934800,0.998754112
2016/8/1,26.102501,26.5375,26.102501,26.512501,24.889585,152671600,1.017656693
2016/8/2,26.512501,26.5175,26,26.120001,24.521116,135266400,0.985195663
2016/8/3,26.202499,26.459999,26.192499,26.4475,24.828569,120810400,1.012538246
2016/8/4,26.395,26.5,26.32,26.467501,24.981947,109634800,1.000756253
2016/8/5,26.567499,26.9125,26.545,26.870001,25.361853,162213600,1.015207329
2016/8/8,26.879999,27.092501,26.790001,27.092501,25.571865,112148800,1.00828061
2016/8/9,27.057501,27.235001,27.002501,27.202499,25.675694,105260800,1.00406009
2016/8/10,27.1775,27.225,26.940001,27,25.484562,96034000,0.992555868
2016/8/11,27.129999,27.2325,26.9625,26.9825,25.468039,109938000,0.999351852
2016/8/12,26.945,27.110001,26.945,27.045,25.527033,74641600,1.002316316
2016/8/15,27.035,27.385,27.02,27.370001,25.833796,103472800,1.012017046
2016/8/16,27.407499,27.557501,27.3025,27.344999,25.810194,135177600,0.999086518
2016/8/17,27.275,27.342501,27.084999,27.305,25.77244,101424000,0.998537246
2016/8/18,27.307501,27.4,27.254999,27.27,25.739405,87938800,0.998718183
2016/8/19,27.192499,27.422501,27.09,27.34,25.805471,101472400,1.002566923
2016/8/22,27.215,27.275,26.9625,27.127501,25.604902,103280800,0.992227542
2016/8/23,27.147499,27.33,27.1325,27.2125,25.685131,85030800,1.003133315
2016/8/24,27.1425,27.1875,26.92,27.0075,25.491634,94700400,0.992466697
2016/8/25,26.8475,26.969999,26.67,26.8925,25.383093,100344800,0.995741924
2016/8/26,26.852501,26.987499,26.577499,26.735001,25.23443,111065200,0.994143386
2016/8/29,26.655001,26.860001,26.5725,26.705,25.206118,99881200,0.998877838
2016/8/30,26.450001,26.625,26.375,26.5,25.012623,99455600,0.992323535
2016/8/31,26.415001,26.6425,26.41,26.525,25.036221,118649600,1.000943396
2016/9/1,26.535,26.700001,26.405001,26.682501,25.184879,106806000,1.005937832
2016/9/2,26.924999,27,26.705,26.932501,25.420847,107210000,1.009369437
2016/9/6,26.975,27.075001,26.877501,26.924999,25.413767,107521600,0.999721452
2016/9/7,26.9575,27.190001,26.7675,27.09,25.569504,169457200,1.006128171
2016/9/8,26.8125,26.817499,26.309999,26.379999,24.899359,212008000,0.97379103
2016/9/9,26.16,26.43,25.782499,25.782499,24.335394,186228000,0.977350264
2016/9/12,25.6625,26.43,25.6325,26.360001,24.880482,181171200,1.022398992
2016/9/13,26.877501,27.1975,26.809999,26.987499,25.472759,248704800,1.023804931
2016/9/14,27.182501,28.2575,27.15,27.942499,26.374159,443554800,1.035386754
2016/9/15,28.465,28.932501,28.372499,28.8925,27.270836,359934400,1.033998427
2016/9/16,28.780001,29.032499,28.51,28.73,27.117458,319547600,0.994375703
2016/9/19,28.797501,29.045,28.3125,28.395,26.80126,188092000,0.988339715
2016/9/20,28.262501,28.530001,28.127501,28.3925,26.798903,138057200,0.999911956
2016/9/21,28.4625,28.497499,28.110001,28.387501,26.79418,144012800,0.999823932
2016/9/22,28.5875,28.735001,28.5,28.655001,27.046667,124296000,1.009423161
2016/9/23,28.605,28.6975,27.887501,28.1775,26.595964,209924800,0.983336207
2016/9/26,27.91,28.3475,27.887501,28.219999,26.636082,119477600,1.00150826
2016/9/27,28.25,28.295,28.084999,28.272499,26.685635,98429600,1.001860383
2016/9/28,28.422501,28.66,28.3575,28.487499,26.888567,118564400,1.007604563
2016/9/29,28.290001,28.450001,27.950001,28.045,26.470907,143548000,0.984466906
2016/9/30,28.115,28.342501,27.950001,28.262501,26.676199,145516400,1.007755429
2016/10/3,28.1775,28.262501,28.07,28.129999,26.551132,86807200,0.995311738
2016/10/4,28.264999,28.577499,28.157499,28.25,26.664402,118947200,1.004265944
2016/10/5,28.35,28.415001,28.172501,28.262501,26.676199,85812400,1.000442513
2016/10/6,28.424999,28.584999,28.282499,28.4725,26.874411,115117200,1.007430305
2016/10/7,28.577499,28.639999,28.377501,28.514999,26.914526,97433600,1.001492633
2016/10/10,28.754999,29.1875,28.68,29.012501,27.384102,144944000,1.017447028
2016/10/11,29.424999,29.672501,29.049999,29.075001,27.443092,256164000,1.002154244
2016/10/12,29.3375,29.495001,29.1875,29.334999,27.688499,150347200,1.008942321
2016/10/13,29.1975,29.360001,28.93,29.245001,27.603554,140769600,0.996932061
2016/10/14,29.469999,29.5425,29.282499,29.407499,27.756927,142608800,1.005556437
2016/10/17,29.3325,29.459999,29.195,29.387501,27.73805,94499600,0.999319969
2016/10/18,29.545,29.5525,29.362499,29.3675,27.719177,98214000,0.999319405
2016/10/19,29.3125,29.440001,28.450001,29.280001,27.636587,80138400,0.99702055
2016/10/20,29.215,29.344999,29.0825,29.264999,27.622435,96503200,0.999487637
2016/10/21,29.202499,29.227501,29.07,29.15,27.513885,92770800,0.996070425
2016/10/24,29.275,29.434999,29.25,29.4125,27.76165,94154800,1.009005146
2016/10/25,29.487499,29.59,29.327499,29.5625,27.903231,192516000,1.005099873
2016/10/26,28.577499,28.924999,28.327499,28.897499,27.275555,264536800,0.977505252
2016/10/27,28.8475,28.965,28.525,28.620001,27.01363,138248000,0.990397162
2016/10/28,28.467501,28.8025,28.362499,28.43,26.834291,151446800,0.993361251
2016/10/31,28.4125,28.557501,28.299999,28.385,26.791819,105677600,0.998417165
2016/11/1,28.365,28.442499,27.6325,27.872499,26.308084,175303200,0.981944654
2016/11/2,27.85,28.0875,27.807501,27.897499,26.33168,113326800,1.000896941
2016/11/3,27.745001,27.865,27.387501,27.4575,26.049444,107730400,0.984228013
2016/11/4,27.1325,27.5625,27.0275,27.209999,25.814631,123348000,0.990986033
2016/11/7,27.52,27.627501,27.365,27.602501,26.187002,130240000,1.014424918
2016/11/8,27.577499,27.93,27.424999,27.764999,26.341171,97016800,1.005887075
2016/11/9,27.469999,27.83,27.012501,27.719999,26.298481,236705600,0.998379254
2016/11/10,27.772499,27.772499,26.4575,26.9475,25.565596,228538000,0.97213207
2016/11/11,26.780001,27.217501,26.637501,27.1075,25.717388,136575600,1.005937471
2016/11/14,26.9275,26.952499,26.02,26.4275,25.07226,204702000,0.974914692
2016/11/15,26.6425,26.92,26.540001,26.7775,25.404314,129058000,1.01324378
2016/11/16,26.674999,27.557501,26.65,27.497499,26.087387,235362000,1.026888208
2016/11/17,27.452499,27.5875,27.2075,27.487499,26.077896,110528000,0.999636331
2016/11/18,27.43,27.635,27.415001,27.514999,26.103992,113715600,1.001000455
2016/11/21,27.530001,27.997499,27.502501,27.932501,26.500082,117058400,1.015173615
2016/11/22,27.987499,28.105,27.85,27.950001,26.516682,103862000,1.00062651
2016/11/23,27.84,27.877501,27.5825,27.807501,26.381491,109705600,0.99490161
2016/11/25,27.782499,27.967501,27.737499,27.9475,26.514313,45903600,1.005034577
2016/11/28,27.8575,28.1175,27.8475,27.8925,26.462132,108776000,0.998032024
2016/11/29,27.695,28.0075,27.5175,27.865,26.436045,114115200,0.999014072
2016/11/30,27.9,28.049999,27.567499,27.629999,26.213095,144649200,0.991566445
2016/12/1,27.592501,27.735001,27.2575,27.372499,25.9688,148347600,0.990680419
2016/12/2,27.2925,27.522499,27.2125,27.475,26.066044,106112000,1.003744671
2016/12/5,27.5,27.5075,27.0625,27.2775,25.878672,137298000,0.992811647
2016/12/6,27.375,27.59,27.297501,27.487499,26.077896,104782000,1.007698616
2016/12/7,27.315001,27.797501,27.290001,27.7575,26.334061,119994800,1.009822683
2016/12/8,27.715,28.1075,27.65,28.030001,26.592581,108273200,1.009817203
2016/12/9,28.077499,28.674999,28.077499,28.487499,27.026619,137610400,1.016321726
2016/12/12,28.3225,28.75,28.122499,28.325001,26.872458,105497600,0.994295814
2016/12/13,28.459999,28.98,28.4375,28.797501,27.320726,174935200,1.016681376
2016/12/14,28.76,29.049999,28.745001,28.797501,27.320726,136127200,1
2016/12/15,28.844999,29.182501,28.807501,28.955,27.470144,186098000,1.00546919
2016/12/16,29.1175,29.125,28.9125,28.9925,27.505724,177404400,1.001295113
2016/12/19,28.950001,29.344999,28.9375,29.16,27.664633,111117600,1.005777356
2016/12/20,29.184999,29.375,29.17,29.237499,27.738157,85700000,1.002657716
2016/12/21,29.200001,29.35,29.195,29.264999,27.76425,95132800,1.000940573
2016/12/22,29.0875,29.127501,28.91,29.0725,27.581623,104343600,0.993422211
2016/12/23,28.897499,29.129999,28.897499,29.129999,27.636169,56998000,1.00197778
2016/12/27,29.129999,29.450001,29.122499,29.315001,27.811686,73187600,1.00635091
2016/12/28,29.379999,29.504999,29.049999,29.190001,27.6931,83623600,0.995735971
2016/12/29,29.112499,29.2775,29.1,29.182501,27.68598,60158000,0.999743063
2016/12/30,29.1625,29.299999,28.8575,28.955,27.470144,122345200,0.992204198
2017/1/3,28.950001,29.0825,28.690001,29.0375,27.548414,115127600,1.002849249
2017/1/4,28.9625,29.127501,28.9375,29.004999,27.517582,84472400,0.998880723
2017/1/5,28.98,29.215,28.952499,29.1525,27.65752,88774400,1.005085365
2017/1/6,29.195,29.540001,29.1175,29.477501,27.965857,127007600,1.011148306
2017/1/9,29.487499,29.8575,29.485001,29.747499,28.222006,134247600,1.00915946
2017/1/10,29.692499,29.844999,29.575001,29.7775,28.250471,97848400,1.001008522
2017/1/11,29.684999,29.9825,29.65,29.9375,28.402262,110354400,1.005373184
2017/1/12,29.725,29.825001,29.5525,29.8125,28.28367,108344800,0.995824635
2017/1/13,29.7775,29.905001,29.702499,29.76,28.233862,104447600,0.998238994
2017/1/17,29.584999,30.059999,29.555,30,28.461563,137759200,1.008064516
2017/1/18,30,30.125,29.9275,29.997499,28.459183,94852000,0.999916633
2017/1/19,29.85,30.022499,29.842501,29.945,28.409378,102389200,0.998249887
2017/1/20,30.112499,30.112499,29.932501,30,28.461563,130391600,1.001836701
2017/1/23,30,30.202499,29.942499,30.02,28.480532,88200800,1.000666667
2017/1/24,29.887501,30.025,29.875,29.9925,28.454441,92844000,0.999083944
2017/1/25,30.105,30.525,30.07,30.469999,28.907455,129510400,1.015920613
2017/1/26,30.4175,30.610001,30.4,30.485001,28.921686,105350400,1.000492353
2017/1/27,30.535,30.5875,30.4,30.487499,28.924057,82251600,1.000081942
2017/1/30,30.2325,30.407499,30.165001,30.407499,28.848156,121510000,0.997375974
2017/1/31,30.2875,30.3475,30.155001,30.3375,28.78175,196804000,0.997697969
2017/2/1,31.7575,32.622501,31.752501,32.1875,30.536879,447940000,1.060980635
2017/2/2,31.995001,32.3475,31.945,32.1325,30.484697,134841600,0.998291262
2017/2/3,32.077499,32.297501,32.040001,32.27,30.61515,98029200,1.004279157
2017/2/6,32.282501,32.625,32.224998,32.572498,30.902138,107383600,1.00937397
2017/2/7,32.634998,33.022499,32.612499,32.8825,31.196234,152735200,1.009517293
2017/2/8,32.837502,33.055,32.805,33.009998,31.317196,92016400,1.003877382
2017/2/9,32.912498,33.112499,32.779999,33.105,31.543493,113399600,1.002877977
2017/2/10,33.115002,33.235001,33.012501,33.029999,31.472033,80262000,0.997734451
2017/2/13,33.27,33.455002,33.1875,33.322498,31.750734,92141600,1.008855556
2017/2/14,33.3675,33.772499,33.3125,33.755001,32.162846,132904800,1.012979309
2017/2/15,33.880001,34.067501,33.654999,33.877499,32.279568,142492400,1.003629033
2017/2/16,33.9175,33.974998,33.709999,33.837502,32.241451,90338400,0.998819364
2017/2/17,33.775002,33.9575,33.775002,33.93,32.32959,88792800,1.002733594
2017/2/21,34.057499,34.1875,33.994999,34.174999,32.563034,98028800,1.007220719
2017/2/22,34.107498,34.279999,34.0275,34.2775,32.660694,83347600,1.002999298
2017/2/23,34.345001,34.369999,34.075001,34.1325,32.522533,83152800,0.99576982
2017/2/24,33.977501,34.165001,33.82,34.165001,32.553505,87106400,1.000952201
2017/2/27,34.285,34.360001,34.07,34.232498,32.617813,81029600,1.001975618
2017/2/28,34.27,34.360001,34.174999,34.247501,32.632114,93931600,1.000438268
2017/3/1,34.4725,35.037498,34.400002,34.947498,33.299088,145658400,1.02043936
2017/3/2,35,35.07,34.689999,34.740002,33.101376,104844000,0.994062636
2017/3/3,34.695,34.9575,34.647499,34.945,33.296707,84432400,1.005900921
2017/3/6,34.842499,34.942501,34.650002,34.834999,33.191895,87000000,0.996852168
2017/3/7,34.764999,34.994999,34.697498,34.880001,33.234776,69785200,1.001291862
2017/3/8,34.737499,34.950001,34.705002,34.75,33.110909,74828800,0.996272907
2017/3/9,34.685001,34.697498,34.262501,34.669998,33.034672,88623600,0.997697784
2017/3/10,34.8125,34.84,34.66,34.785,33.144257,78451200,1.003317047
2017/3/13,34.712502,34.857498,34.705002,34.799999,33.158543,69686800,1.000431192
2017/3/14,34.825001,34.912498,34.709999,34.747501,33.108528,61236400,0.998491437
2017/3/15,34.852501,35.1875,34.7575,35.115002,33.458694,102767200,1.010576329
2017/3/16,35.18,35.255001,35.064999,35.172501,33.51347,76928000,1.001637448
2017/3/17,35.25,35.25,34.9725,34.997501,33.346737,175540000,0.995024522
2017/3/20,35.099998,35.375,35.057499,35.365002,33.696899,86168000,1.010500778
2017/3/21,35.5275,35.700001,34.932499,34.959999,33.311001,158119600,0.988547915
2017/3/22,34.962502,35.400002,34.939999,35.355,33.68737,103440800,1.011298656
2017/3/23,35.314999,35.395,35.1525,35.23,33.56826,81385200,0.996464432
2017/3/24,35.375,35.435001,35.087502,35.16,33.501568,89582400,0.998013057
2017/3/27,34.8475,35.305,34.654999,35.220001,33.558743,94300400,1.001706513
2017/3/28,35.227501,36.009998,35.154999,35.950001,34.254307,133499200,1.020726859
2017/3/29,35.919998,36.122501,35.797501,36.029999,34.330524,116760000,1.002225257
2017/3/30,36.047501,36.125,35.875,35.982498,34.285263,84829200,0.998681626
2017/3/31,35.93,36.067501,35.752499,35.915001,34.220959,78646800,0.998124171
2017/4/3,35.927502,36.029999,35.762501,35.924999,34.230484,79942800,1.000278379
2017/4/4,35.8125,36.2225,35.7925,36.192501,34.485367,79565600,1.007446124
2017/4/5,36.055,36.365002,35.952499,36.005001,34.306713,110871600,0.994819369
2017/4/6,36.072498,36.130001,35.862499,35.915001,34.220959,84596000,0.997500347
2017/4/7,35.932499,36.044998,35.817501,35.834999,34.144726,66688800,0.997772463
2017/4/10,35.900002,35.970001,35.724998,35.7925,34.104233,75733600,0.998814037
2017/4/11,35.735001,35.837502,35.014999,35.407501,33.737396,121517600,0.989243585
2017/4/12,35.400002,35.537498,35.252499,35.450001,33.777882,81400000,1.001200311
2017/4/13,35.477501,35.595001,35.262501,35.262501,33.599232,71291600,0.994710861
2017/4/17,35.369999,35.470001,35.217499,35.4575,33.785034,66328400,1.005529925
2017/4/18,35.352501,35.509998,35.2775,35.299999,33.634968,58790000,0.995558034
2017/4/19,35.470001,35.5,35.112499,35.169998,33.511097,69313600,0.996317252
2017/4/20,35.305,35.73,35.290001,35.610001,33.93034,93278400,1.012510749
2017/4/21,35.610001,35.669998,35.462502,35.567501,33.889851,69283600,0.998806515
2017/4/24,35.875,35.987499,35.794998,35.91,34.216194,68537200,1.009629549
2017/4/25,35.977501,36.224998,35.967499,36.1325,34.428196,75486000,1.006196046
2017/4/26,36.1175,36.150002,35.845001,35.919998,34.225719,80164800,0.994118813
2017/4/27,35.98,36.040001,35.827499,35.947498,34.251919,56985200,1.00076559
2017/4/28,36.022499,36.075001,35.817501,35.912498,34.218575,83441600,0.999026358
2017/5/1,36.275002,36.799999,36.240002,36.645,34.916527,134411600,1.020396855
2017/5/2,36.884998,37.022499,36.709999,36.877499,35.13805,181408800,1.006344631
2017/5/3,36.397499,36.872501,36.067501,36.764999,35.030865,182788000,0.996949359
2017/5/4,36.630001,36.785,36.452499,36.6325,34.904613,93487600,0.996396056
2017/5/5,36.689999,37.244999,36.689999,37.240002,35.483456,109310800,1.016583689
2017/5/8,37.2575,38.424999,37.2575,38.252499,36.4482,195009600,1.027188425
2017/5/9,38.467499,38.720001,38.362499,38.497501,36.681641,156521600,1.006404863
2017/5/10,38.407501,38.485001,38.0275,38.314999,36.507751,103222800,0.995259381
2017/5/11,38.112499,38.517502,38.077499,38.487499,36.823475,109020400,1.004502153
2017/5/12,38.674999,39.105,38.6675,39.025002,37.337746,130108000,1.013965652
2017/5/15,39.002499,39.162498,38.762501,38.924999,37.242069,104038800,0.997437463
2017/5/16,38.985001,39.014999,38.68,38.8675,37.18705,80194000,0.998522826
2017/5/17,38.400002,38.642502,37.427502,37.5625,35.938477,203070800,0.966424391
2017/5/18,37.817501,38.334999,37.782501,38.134998,36.486221,134272800,1.015241211
2017/5/19,38.345001,38.494999,38.157501,38.264999,36.6106,107843200,1.003408968
2017/5/22,38.5,38.645,38.227501,38.497501,36.833046,91865600,1.006076101
2017/5/23,38.724998,38.724998,38.327499,38.450001,36.787601,79675600,0.998766154
2017/5/24,38.459999,38.5425,38.1675,38.334999,36.677582,76712000,0.997009051
2017/5/25,38.432499,38.587502,38.2575,38.467499,36.80434,76942400,1.003456372
2017/5/26,38.5,38.560001,38.327499,38.4025,36.742161,87710400,0.998310288
2017/5/30,38.355,38.607498,38.3325,38.4175,36.756512,80507600,1.0003906
2017/5/31,38.4925,38.5425,38.095001,38.189999,36.538845,97804800,0.994078194
2017/6/1,38.2925,38.3325,38.055,38.294998,36.639305,65616400,1.002749385
2017/6/2,38.395,38.862499,38.2225,38.862499,37.18227,111082800,1.014819194
2017/6/5,38.584999,38.612499,38.365002,38.482498,36.818695,101326800,0.99022191
2017/6/6,38.474998,38.952499,38.445,38.612499,36.943081,106499600,1.003378185
2017/6/7,38.755001,38.994999,38.619999,38.842499,37.163132,84278400,1.00595662
2017/6/8,38.8125,38.884998,38.599998,38.747501,37.072239,85003200,0.997554277
2017/6/9,38.797501,38.797501,36.505001,37.244999,35.634693,259530800,0.961223254
2017/6/12,36.435001,36.522499,35.627499,36.355,34.78318,289229200,0.976104201
2017/6/13,36.790001,36.862499,36.287498,36.647499,35.063038,136661600,1.008045633
2017/6/14,36.875,36.875,35.959999,36.290001,34.720989,126124800,0.990244955
2017/6/15,35.830002,36.119999,35.552502,36.072498,34.51289,128661600,0.994006531
2017/6/16,35.945,36.125,35.549999,35.567501,34.029736,201444400,0.986000498
2017/6/19,35.915001,36.685001,35.915001,36.584999,35.003239,130165600,1.02860752
2017/6/20,36.717499,36.717499,36.235001,36.252499,34.685108,99600400,0.990911576
2017/6/21,36.380001,36.517502,36.1525,36.467499,34.890816,85063200,1.005930626
2017/6/22,36.442501,36.674999,36.279999,36.407501,34.83342,76425200,0.998354754
2017/6/23,36.282501,36.790001,36.2775,36.57,34.988884,141757600,1.004463338
2017/6/26,36.7925,37.07,36.345001,36.455002,34.87886,102769600,0.996855401
2017/6/27,36.252499,36.540001,35.904999,35.932499,34.378944,99047600,0.985667179
2017/6/28,36.122501,36.5275,35.790001,36.4575,34.881248,88329600,1.014610757
2017/6/29,36.177502,36.282501,35.57,35.919998,34.366989,125997600,0.985256751
2017/6/30,36.112499,36.240002,35.945,36.005001,34.448315,92096400,1.002366453
2017/7/3,36.220001,36.325001,35.775002,35.875,34.323929,57111200,0.996389363
2017/7/5,35.922501,36.197498,35.68,36.022499,34.465057,86278400,1.00411147
2017/7/6,35.755001,35.875,35.602501,35.682499,34.139759,96515200,0.990561454
2017/7/7,35.724998,36.1875,35.724998,36.044998,34.486584,76806800,1.010159014
2017/7/10,36.0275,36.487499,35.842499,36.264999,34.697067,84362400,1.00610351
2017/7/11,36.182499,36.462502,36.095001,36.3825,34.80949,79127200,1.003240066
2017/7/12,36.467499,36.544998,36.205002,36.435001,34.859726,99538000,1.001443029
2017/7/13,36.375,37.122501,36.360001,36.942501,35.345287,100797600,1.013928914
2017/7/14,36.9925,37.3325,36.8325,37.259998,35.649052,80528400,1.008594356
2017/7/17,37.205002,37.724998,37.142502,37.389999,35.773434,95174000,1.003489023
2017/7/18,37.299999,37.532501,37.1675,37.52,35.897812,71475200,1.003476892
2017/7/19,37.619999,37.855,37.487499,37.755001,36.122654,83692000,1.006263353
2017/7/20,37.875,37.935001,37.547501,37.584999,35.959999,68974800,0.995497232
2017/7/21,37.497501,37.610001,37.220001,37.567501,35.943256,105010400,0.999534442
2017/7/24,37.645,38.110001,37.474998,38.022499,36.378593,85972800,1.012111479
2017/7/25,37.950001,38.459999,37.950001,38.185001,36.534061,75415600,1.004273838
2017/7/26,38.337502,38.482498,38.264999,38.365002,36.706284,63124000,1.004713919
2017/7/27,38.4375,38.497501,36.825001,37.639999,36.012627,129905200,0.98110249
2017/7/28,37.4725,37.557499,37.297501,37.375,35.759083,68854800,0.992959644
2017/7/31,37.474998,37.5825,37.032501,37.182499,35.574905,79383600,0.994849472
2017/8/1,37.275002,37.555,37.102501,37.512501,35.890636,141474400,1.008875197
2017/8/2,39.82,39.9375,39.040001,39.285,37.586502,279747200,1.047250888
2017/8/3,39.262501,39.302502,38.755001,38.892502,37.210976,108389200,0.99000896
2017/8/4,39.017502,39.349998,38.922501,39.0975,37.407112,82239600,1.005270887
2017/8/7,39.264999,39.73,39.1675,39.702499,37.985954,87481200,1.01547411
2017/8/8,39.650002,40.4575,39.567501,40.02,38.289726,144823600,1.007997003
2017/8/9,39.814999,40.317501,39.7775,40.264999,38.524132,104526000,1.006121914
2017/8/10,39.974998,40,38.657501,38.830002,37.297066,163217200,0.964361181
2017/8/11,39.150002,39.642502,39.017502,39.369999,37.81575,105028400,1.013906695
2017/8/14,39.830002,40.052502,39.6875,39.962502,38.384861,88490800,1.015049607
2017/8/15,40.165001,40.549999,40.035,40.400002,38.80508,117862000,1.010947763
2017/8/16,40.485001,40.627499,40.037498,40.237499,38.649002,110686400,0.995977649
2017/8/17,40.130001,40.177502,39.459999,39.465,37.906998,111762400,0.980801516
2017/8/18,39.465,39.875,39.18,39.375,37.82056,109712400,0.997719498
2017/8/21,39.375,39.4725,38.7775,39.302502,37.750916,105474000,0.998158781
2017/8/22,39.557499,40,39.505001,39.945,38.368046,86418400,1.016347509
2017/8/23,39.767502,40.1175,39.720001,39.994999,38.416069,77596400,1.001251696
2017/8/24,40.107498,40.185001,39.637501,39.817501,38.245575,79275600,0.995561995
2017/8/25,39.912498,40.139999,39.817501,39.965,38.38726,101920400,1.003704376
2017/8/28,40.035,40.5,39.982498,40.3675,38.773869,103864000,1.010071312
2017/8/29,40.025002,40.779999,40,40.727501,39.119656,118067600,1.00891809
2017/8/30,40.950001,40.9725,40.6525,40.837502,39.225315,109078400,1.002700902
2017/8/31,40.91,41.130001,40.869999,41,39.381397,107140400,1.003979137
2017/9/1,41.200001,41.235001,40.907501,41.012501,39.39341,66364400,1.000304902
2017/9/5,40.9375,41.0625,40.139999,40.52,38.920349,117874000,0.987991442
2017/9/6,40.677502,40.747501,40.130001,40.477501,38.879524,86606800,0.99895116
2017/9/7,40.522499,40.560001,40.09,40.314999,38.723442,87714000,0.995985375
2017/9/8,40.215,40.287498,39.6325,39.657501,38.091904,114446000,0.983690983
2017/9/11,40.125,40.512501,39.9725,40.375,38.781078,126323200,1.018092391
2017/9/12,40.6525,40.990002,39.692501,40.215,38.627396,286856000,0.996037152
2017/9/13,39.967499,39.990002,39.477501,39.912498,38.336834,179629600,0.992477881
2017/9/14,39.747501,39.849998,39.522499,39.57,38.007851,95042800,0.991418778
2017/9/15,39.6175,40.2425,39.5,39.970001,38.392063,196458400,1.010108693
2017/9/18,40.0275,40.125,39.5,39.6675,38.101501,113077600,0.992431799
2017/9/19,39.877499,39.942501,39.610001,39.682499,38.11591,83242400,1.000378118
2017/9/20,39.474998,39.564999,38.4575,39.017502,37.477169,211805600,0.983242058
2017/9/21,38.950001,38.950001,38.1875,38.3475,36.833611,150046800,0.982828168
2017/9/22,37.884998,38.067501,37.639999,37.9725,36.473415,186581600,0.990221005
2017/9/25,37.497501,37.9575,37.290001,37.637501,36.151646,177549200,0.991177852
2017/9/26,37.945,38.48,37.922501,38.285,36.773579,146640000,1.01720356
2017/9/27,38.450001,38.68,38.384998,38.557499,37.035324,102016800,1.007117644
2017/9/28,38.4725,38.57,38.174999,38.32,36.807201,88022000,0.993840394
2017/9/29,38.302502,38.532501,38,38.529999,37.008904,105199200,1.005480141
2017/10/2,38.564999,38.612499,38.18,38.452499,36.934471,74795200,0.99798858
2017/10/3,38.502499,38.772499,38.477501,38.619999,37.09536,64921200,1.004356024
2017/10/4,38.407501,38.465,38.115002,38.369999,36.855228,80655200,0.99352667
2017/10/5,38.544998,38.860001,38.512501,38.8475,37.313873,85135200,1.012444645
2017/10/6,38.7425,38.872501,38.639999,38.825001,37.292255,69630400,0.999420838
2017/10/9,38.952499,39.182499,38.872501,38.959999,37.421932,65051600,1.003477089
2017/10/10,39.014999,39.5,38.775002,38.974998,37.436337,62468000,1.000384985
2017/10/11,38.9925,39.244999,38.9375,39.137501,37.592426,67622400,1.004169417
2017/10/12,39.087502,39.342499,38.932499,39,37.460361,64500400,0.99648672
2017/10/13,39.182499,39.32,39.102501,39.247501,37.69809,65576800,1.006346179
2017/10/16,39.474998,40,39.412498,39.970001,38.392063,96486000,1.018408815
2017/10/17,39.945,40.217499,39.807499,40.1175,38.533737,75989200,1.003690243
2017/10/18,40.105,40.177502,39.900002,39.939999,38.363247,65496800,0.995575472
2017/10/19,39.1875,39.27,38.755001,38.994999,37.455551,170336800,0.976339509
2017/10/20,39.1525,39.4375,38.990002,39.0625,37.52039,95896400,1.001731017
2017/10/23,39.2225,39.422501,38.875,39.0425,37.501179,87937200,0.999488
2017/10/24,39.072498,39.355,39.049999,39.275002,37.724499,71028800,1.0059551
2017/10/25,39.227501,39.387501,38.817501,39.102501,37.558807,84828400,0.995607868
2017/10/26,39.307499,39.4575,39.195,39.352501,37.798935,68002000,1.006393453
2017/10/27,39.822498,40.900002,39.674999,40.762501,39.153267,177816800,1.035829997
2017/10/30,40.9725,42.017502,40.93,41.68,40.034557,178803200,1.022508408
2017/10/31,41.974998,42.412498,41.735001,42.259998,40.591652,144187200,1.013915499
2017/11/1,42.467499,42.485001,41.4025,41.7225,40.075378,134551200,0.987281164
2017/11/2,41.650002,42.125,41.32,42.0275,40.36834,165573600,1.007310204
2017/11/3,43.5,43.564999,42.779999,43.125,41.422508,237594400,1.026113854
2017/11/6,43.092499,43.747501,42.93,43.5625,41.842739,140105200,1.010144928
2017/11/7,43.477501,43.8125,43.400002,43.702499,41.977203,97446000,1.00321375
2017/11/8,43.665001,44.060001,43.5825,44.060001,42.320599,97638000,1.008180356
2017/11/9,43.7775,44.025002,43.285,43.970001,42.23415,117930400,0.997957331
2017/11/10,43.7775,43.845001,43.567501,43.6675,42.094368,100582000,0.993120287
2017/11/13,43.375,43.625,43.349998,43.4925,41.925674,67928400,0.995992443
2017/11/14,43.259998,43.369999,42.794998,42.834999,41.291862,99130000,0.984882428
2017/11/15,42.4925,42.580002,42.095001,42.27,40.747211,116632400,0.986809875
2017/11/16,42.794998,42.967499,42.575001,42.775002,41.234024,94550000,1.011947055
2017/11/17,42.759998,42.8475,42.41,42.537498,41.005077,87598000,0.994447598
2017/11/20,42.572498,42.639999,42.389999,42.494999,40.964115,65049600,0.999000905
2017/11/21,42.695,43.424999,42.695,43.285,41.725651,100525200,1.018590446
2017/11/22,43.34,43.75,43.262501,43.740002,42.164257,102355600,1.010511771
2017/11/24,43.775002,43.875,43.662498,43.7425,42.166676,56106800,1.00005711
2017/11/27,43.762501,43.77,43.334999,43.522499,41.954594,82867200,0.994970544
2017/11/28,43.575001,43.717499,42.965,43.267502,41.708782,105715200,0.99414103
2017/11/29,43.157501,43.23,41.790001,42.369999,40.843628,166665600,0.97925688
2017/11/30,42.607498,43.035,42.110001,42.962502,41.414772,166108800,1.013984022
2017/12/1,42.487499,42.9175,42.125,42.762501,41.221973,159037200,0.995344754
2017/12/4,43.119999,43.154999,42.407501,42.450001,40.920731,130169600,0.992692195
2017/12/5,42.264999,42.880001,42.099998,42.41,40.882164,109400800,0.999057691
2017/12/6,41.875,42.549999,41.615002,42.252499,40.73035,114240000,0.99628623
2017/12/7,42.2575,42.610001,42.227501,42.330002,40.805065,102693200,1.001834282
2017/12/8,42.622501,42.75,42.205002,42.342499,40.817101,93420800,1.000295228
2017/12/11,42.299999,43.2225,42.197498,43.1675,41.612385,141095200,1.019483994
2017/12/12,43.037498,43.0975,42.865002,42.924999,41.37862,77636800,0.994382325
2017/12/13,43.125,43.384998,43,43.067501,41.515987,95273600,1.00331979
2017/12/14,43.099998,43.282501,42.912498,43.055,41.503937,81906000,0.999709735
2017/12/15,43.407501,43.5425,43.115002,43.4925,41.925674,160677200,1.010161421
2017/12/18,43.720001,44.299999,43.715,44.105,42.516113,117684400,1.014082888
2017/12/19,43.7575,43.8475,43.522499,43.634998,42.063038,109745600,0.989343566
2017/12/20,43.717499,43.855,43.3125,43.587502,42.017254,93902400,0.998911516
2017/12/21,43.5425,44.005001,43.525002,43.752499,42.176311,83799600,1.00378542
2017/12/22,43.669998,43.855,43.625,43.752499,42.176311,65397600,1
2017/12/26,42.700001,42.8675,42.419998,42.642502,41.106304,132742000,0.974630089
2017/12/27,42.525002,42.695,42.427502,42.650002,41.113533,85992800,1.000175881
2017/12/28,42.75,42.962502,42.619999,42.77,41.229214,65920800,1.002813552
2017/12/29,42.630001,42.647499,42.305,42.307499,40.783367,103999600,0.989186322
2018/1/2,42.540001,43.075001,42.314999,43.064999,41.51358,102223600,1.017904627
2018/1/3,43.1325,43.637501,42.990002,43.057499,41.506344,118071600,0.999825845
2018/1/4,43.134998,43.3675,43.02,43.2575,41.699139,89738400,1.004644975
2018/1/5,43.360001,43.842499,43.262501,43.75,42.173893,94640000,1.011385309
2018/1/8,43.587502,43.9025,43.482498,43.587502,42.017254,82271200,0.99628576
2018/1/9,43.637501,43.764999,43.352501,43.5825,42.012432,86336000,0.999885242
2018/1/10,43.290001,43.575001,43.25,43.572498,42.002796,95839600,0.999770504
2018/1/11,43.647499,43.872501,43.622501,43.82,42.241379,74670800,1.005680234
2018/1/12,44.044998,44.34,43.912498,44.272499,42.677582,101672400,1.010326312
2018/1/16,44.474998,44.8475,44.035,44.047501,42.460686,118263600,0.994917883
2018/1/17,44.037498,44.8125,43.767502,44.775002,43.16198,137547200,1.016516283
2018/1/18,44.842499,45.025002,44.5625,44.814999,43.200535,124773600,1.000893289
2018/1/19,44.6525,44.895,44.352501,44.615002,43.007744,129700400,0.995537275
2018/1/22,44.325001,44.445,44.150002,44.25,42.655895,108434400,0.991818851
2018/1/23,44.325001,44.860001,44.205002,44.259998,42.665524,130756400,1.000225944
2018/1/24,44.3125,44.325001,43.299999,43.555,41.985931,204420400,0.984071441
2018/1/25,43.627499,43.737499,42.6325,42.7775,41.236435,166116000,0.982149007
2018/1/26,43,43,42.514999,42.877499,41.332829,156572000,1.002337654
2018/1/29,42.540001,42.540001,41.767502,41.990002,40.477306,202561600,0.979301568
2018/1/30,41.3825,41.842499,41.174999,41.7425,40.238724,184192800,0.994105692
2018/1/31,41.717499,42.110001,41.625,41.857498,40.349579,129915600,1.002754938
2018/2/1,41.7925,42.154999,41.689999,41.945,40.433929,188923200,1.002090474
2018/2/2,41.5,41.700001,40.025002,40.125,38.679497,346375200,0.956609846
2018/2/5,39.775002,40.970001,39,39.122501,37.7131,290954000,0.975015601
2018/2/6,38.7075,40.93,38.5,40.7575,39.2892,272975200,1.041791781
2018/2/7,40.772499,40.849998,39.767502,39.884998,38.448132,206434400,0.978592848
2018/2/8,40.072498,40.25,38.7575,38.787498,37.390179,217562000,0.972483388
2018/2/9,39.267502,39.4725,37.560001,39.102501,37.847511,282690400,1.008121251
2018/2/12,39.625,40.9725,39.377499,40.677502,39.37196,243278000,1.040278779
2018/2/13,40.487499,41.1875,40.412498,41.084999,39.766384,130196800,1.010017749
2018/2/14,40.759998,41.884998,40.720001,41.842499,40.499569,162579600,1.018437386
2018/2/15,42.447498,43.272499,42.25,43.247501,41.859478,204588800,1.033578348
2018/2/16,43.09,43.705002,42.942501,43.107498,41.723969,160704400,0.996762749
2018/2/20,43.012501,43.564999,42.855,42.962502,41.583626,135722000,0.996636409
2018/2/21,43.2075,43.529999,42.752499,42.767502,41.394882,149886400,0.995461158
2018/2/22,42.950001,43.487499,42.927502,43.125,41.74091,123967600,1.008359104
2018/2/23,43.4175,43.912498,43.384998,43.875,42.466835,135249600,1.017391304
2018/2/26,44.087502,44.8475,44.052502,44.7425,43.306488,152648800,1.01977208
2018/2/27,44.775002,45.119999,44.540001,44.5975,43.166153,155712400,0.996759233
2018/2/28,44.814999,45.154999,44.512501,44.529999,43.100819,151128400,0.99848644
2018/3/1,44.634998,44.945,43.165001,43.75,42.34584,195208000,0.982483741
2018/3/2,43.200001,44.075001,43.112499,44.052502,42.638641,153816000,1.006914331
2018/3/5,43.802502,44.435001,43.630001,44.205002,42.786251,113605600,1.003461778
2018/3/6,44.477501,44.5625,44.032501,44.1675,42.74995,95154000,0.999151634
2018/3/7,43.735001,43.962502,43.567501,43.7575,42.353111,126814000,0.990717156
2018/3/8,43.869999,44.279999,43.767502,44.235001,42.815285,95096400,1.010912438
2018/3/9,44.490002,45,44.3475,44.994999,43.550888,128740800,1.01718092
2018/3/12,45.072498,45.5975,45.052502,45.43,43.971928,128828400,1.009667763
2018/3/13,45.647499,45.875,44.810001,44.9925,43.548473,126774000,0.9903698
2018/3/14,45.080002,45.130001,44.452499,44.610001,43.178246,117473600,0.991498605
2018/3/15,44.625,45.060001,44.517502,44.662498,43.229061,90975200,1.001176799
2018/3/16,44.662498,44.779999,44.404999,44.505001,43.076622,157618800,0.996473619
2018/3/19,44.330002,44.3675,43.415001,43.825001,42.418446,133787200,0.984720818
2018/3/20,43.810001,44.200001,43.735001,43.810001,42.403927,78597600,0.99965773
2018/3/21,43.759998,43.772499,42.814999,42.817501,41.443279,148219600,0.977345355
2018/3/22,42.5,43.169998,42.150002,42.212502,40.857697,165963200,0.985870287
2018/3/23,42.0975,42.48,41.235001,41.235001,39.911564,164115200,0.976843329
2018/3/26,42.017502,43.275002,41.610001,43.192501,41.806248,150164800,1.047471807
2018/3/27,43.419998,43.787498,41.73,42.084999,40.734283,163690400,0.974358929
2018/3/28,41.8125,42.505001,41.297501,41.619999,40.28421,166674000,0.988950932
2018/3/29,41.952499,42.9375,41.724998,41.945,40.598782,153594000,1.00780877
2018/4/2,41.66,42.235001,41.1175,41.669998,40.332607,150347200,0.993443748
2018/4/3,41.91,42.1875,41.220001,42.0975,40.746387,121112000,1.010259228
2018/4/4,41.220001,43.002499,41.192501,42.9025,41.525551,138422000,1.019122276
2018/4/5,43.145,43.557499,43.02,43.200001,41.813499,107732800,1.006934351
2018/4/6,42.7425,43.119999,42.049999,42.095001,40.743973,140021200,0.974421297
2018/4/9,42.470001,43.272499,42.462502,42.512501,41.148064,116070800,1.009918042
2018/4/10,43.25,43.5,42.8825,43.3125,41.922394,113634400,1.018817971
2018/4/11,43.057499,43.48,42.924999,43.110001,41.726391,89726400,0.995324698
2018/4/12,43.352501,43.75,43.259998,43.535,42.137756,91557200,1.009858478
2018/4/13,43.695,43.959999,43.462502,43.682499,42.28051,100497200,1.003388056
2018/4/16,43.7575,44.047501,43.7075,43.955002,42.544277,86313600,1.006238265
2018/4/17,44.122501,44.735001,44.102501,44.560001,43.129852,106421600,1.013764054
2018/4/18,44.452499,44.705002,44.220001,44.459999,43.033062,83018000,0.99775579
2018/4/19,43.439999,43.8475,43.165001,43.200001,41.813499,139235200,0.971659963
2018/4/20,42.650002,42.805,41.357498,41.43,40.100307,261964400,0.959027756
2018/4/23,41.7075,41.73,41.022499,41.310001,39.984165,146062000,0.997103572
2018/4/24,41.4175,41.5825,40.305,40.735001,39.42762,134768000,0.986080852
2018/4/25,40.654999,41.355,40.602501,40.912498,39.599415,113528400,1.004357358
2018/4/26,41.029999,41.432499,40.842499,41.055,39.737343,111852000,1.003483092
2018/4/27,41,41.0825,40.157501,40.580002,39.277592,142623200,0.988430203
2018/4/30,40.532501,41.814999,40.459999,41.314999,39.988998,169709600,1.018112296
2018/5/1,41.602501,42.299999,41.317501,42.275002,40.918182,214277600,1.023236186
2018/5/2,43.807499,44.4375,43.450001,44.142502,42.725754,266157600,1.044175042
2018/5/3,43.970001,44.375,43.610001,44.2225,42.803181,136272800,1.001812267
2018/5/4,44.5625,46.0625,44.5425,45.9575,44.482498,224805200,1.039233422
2018/5/7,46.294998,46.9175,46.1875,46.290001,44.804325,169805600,1.007234967
2018/5/8,46.247501,46.555,45.9175,46.512501,45.019688,113611200,1.004806654
2018/5/9,46.637501,46.849998,46.305,46.84,45.336678,92844800,1.007041096
2018/5/10,46.935001,47.592499,46.912498,47.509998,45.985168,111957200,1.014303971
2018/5/11,47.372501,47.514999,46.862499,47.147499,45.810276,104848800,0.992370048
2018/5/14,47.252499,47.3825,46.965,47.037498,45.703396,83115200,0.997666875
2018/5/15,46.695,46.767502,46.275002,46.610001,45.288029,94780800,0.99091157
2018/5/16,46.517502,47.115002,46.5,47.044998,45.710678,76732400,1.009332697
2018/5/17,47,47.227501,46.59,46.747501,45.421623,69176000,0.993676331
2018/5/18,46.797501,46.952499,46.532501,46.577499,45.256443,73190800,0.996363399
2018/5/21,47,47.317501,46.727501,46.907501,45.577084,73603200,1.007085009
2018/5/22,47.095001,47.220001,46.695,46.790001,45.462914,60962800,0.99749507
2018/5/23,46.587502,47.125,46.439999,47.09,45.754414,80233600,1.006411605
2018/5/24,47.192501,47.209999,46.552502,47.037498,45.703396,92936000,0.998885071
2018/5/25,47.057499,47.412498,46.912498,47.145,45.80785,69844000,1.002285453
2018/5/29,46.900002,47.1875,46.717499,46.974998,45.642673,90056400,0.996394061
2018/5/30,46.93,47,46.695,46.875,45.545509,74762000,0.997871251
2018/5/31,46.805,47.057499,46.535,46.717499,45.392467,109931200,0.996639979
2018/6/1,46.997501,47.564999,46.9375,47.560001,46.211071,93770000,1.018033971
2018/6/4,47.91,48.355,47.837502,47.9575,46.597305,105064800,1.008357843
2018/6/5,48.267502,48.485001,48.09,48.327499,46.956806,86264000,1.007715144
2018/6/6,48.407501,48.52,47.98,48.494999,47.119556,83734400,1.003465936
2018/6/7,48.535,48.549999,48.084999,48.365002,46.993248,85388800,0.997319373
2018/6/8,47.7925,48,47.442501,47.924999,46.565727,106627200,0.99090245
2018/6/11,47.837502,47.9925,47.552502,47.807499,46.451557,73234000,0.997548252
2018/6/12,47.8475,48.1525,47.787498,48.07,46.706612,67644400,1.005490791
2018/6/13,48.105,48.220001,47.610001,47.674999,46.322815,86553600,0.991782796
2018/6/14,47.887501,47.892502,47.555,47.700001,46.347111,86440400,1.000524426
2018/6/15,47.5075,47.540001,47.064999,47.209999,45.87101,246876800,0.989727422
2018/6/18,46.970001,47.305,46.799999,47.185001,45.84671,73939600,0.999470494
2018/6/19,46.285,46.5825,45.862499,46.422501,45.105843,134314000,0.983840204
2018/6/20,46.587502,46.799999,46.432499,46.625,45.302597,82514800,1.004362087
2018/6/21,46.8125,47.087502,46.235001,46.365002,45.049973,102847600,0.994423635
2018/6/22,46.529999,46.537498,46.174999,46.23,44.918793,108801600,0.997088278
2018/6/25,45.849998,46.23,45.182499,45.5425,44.250797,126652400,0.985128704
2018/6/26,45.747501,46.6325,45.634998,46.107498,44.79977,98276800,1.01240595
2018/6/27,46.307499,46.82,46.0075,46.040001,44.734184,101141200,0.998536095
2018/6/28,46.025002,46.552502,45.950001,46.375,45.059692,69460800,1.00727626
2018/6/29,46.572498,46.797501,45.727501,46.2775,44.964947,90950800,0.997897574
2018/7/2,45.955002,46.825001,45.855,46.794998,45.467773,70925200,1.011182497
2018/7/3,46.947498,46.987499,45.884998,45.98,44.675892,55819200,0.982583651
2018/7/5,46.314999,46.602501,46.07,46.349998,45.035393,66416800,1.008046933
2018/7/6,46.355,47.107498,46.299999,46.9925,45.659668,69940800,1.013861964
2018/7/9,47.375,47.669998,47.325001,47.645,46.293667,79026400,1.013885194
2018/7/10,47.677502,47.82,47.544998,47.587502,46.237808,63756400,0.9987932
2018/7/11,47.125,47.445,46.9025,46.970001,45.63781,75326000,0.987023883
2018/7/12,47.3825,47.852501,47.327499,47.7575,46.402977,72164400,1.016765999
2018/7/13,47.77,47.959999,47.724998,47.8325,46.475845,50055600,1.001570434
2018/7/16,47.880001,48.162498,47.605,47.727501,46.373833,60172400,0.997804861
2018/7/17,47.4375,47.967499,47.299999,47.862499,46.504997,62138000,1.002828516
2018/7/18,47.945,47.950001,47.482498,47.599998,46.249939,65573600,0.994515518
2018/7/19,47.422501,48.137501,47.422501,47.970001,46.609451,81147200,1.007773173
2018/7/20,47.945,48.107498,47.5425,47.860001,46.502579,82704800,0.9977069
2018/7/23,47.669998,47.990002,47.389999,47.9025,46.543858,63957600,1.000887986
2018/7/24,48.112499,48.415001,48.012501,48.25,46.881512,74791600,1.007254319
2018/7/25,48.264999,48.712502,48.107498,48.705002,47.323605,66839600,1.009430093
2018/7/26,48.6525,48.990002,48.4025,48.552502,47.17543,76304000,0.996868905
2018/7/27,48.747501,48.797501,47.525002,47.744999,46.390831,96096000,0.983368458
2018/7/30,47.974998,48.049999,47.267502,47.477501,46.130917,84118000,0.994397361
2018/7/31,47.575001,48.035,47.334999,47.572498,46.223221,157492000,1.002000885
2018/8/1,49.782501,50.439999,49.327499,50.375,48.946239,271742800,1.058910129
2018/8/2,50.145,52.095001,50.087502,51.8475,50.376972,249616000,1.029230769
2018/8/3,51.7575,52.185001,51.369999,51.997501,50.522717,133789600,1.002893119
2018/8/6,52,52.3125,51.767502,52.267502,50.785061,101701600,1.005192576
2018/8/7,52.330002,52.375,51.689999,51.7775,50.308956,102349600,0.990625112
2018/8/8,51.512501,51.952499,51.130001,51.8125,50.342972,90102000,1.000675969
2018/8/9,52.3825,52.445,51.799999,52.220001,50.738911,93970400,1.007864917
2018/8/10,51.84,52.275002,51.6675,51.8825,50.587772,98444800,0.99353694
2018/8/13,52.327499,52.737499,51.924999,52.217499,50.91441,103563600,1.006456879
2018/8/14,52.540001,52.639999,52.064999,52.4375,51.128937,82992000,1.004213166
2018/8/15,52.305,52.685001,52.0825,52.560001,51.248371,115230400,1.002336133
2018/8/16,52.9375,53.452499,52.8675,53.330002,51.999161,114001600,1.014649943
2018/8/17,53.360001,54.487499,53.290001,54.395,53.037575,141708000,1.01996996
2018/8/20,54.525002,54.794998,53.7775,53.865002,52.520805,121150800,0.990256494
2018/8/21,54.200001,54.297501,53.5075,53.759998,52.418423,104639200,0.998050608
2018/8/22,53.525002,54.09,53.459999,53.762501,52.420864,76072400,1.000046559
2018/8/23,53.662498,54.262501,53.650002,53.872501,52.528122,75532800,1.002046036
2018/8/24,54.150002,54.224998,53.7775,54.040001,52.691441,73905600,1.003109193
2018/8/27,54.287498,54.685001,54.0825,54.485001,53.125328,82100400,1.008234641
2018/8/28,54.752499,55.134998,54.73,54.924999,53.554352,91107200,1.00807558
2018/8/29,55.037498,55.872501,54.852501,55.744999,54.353893,109019200,1.01492945
2018/8/30,55.8125,57.064999,55.599998,56.2575,54.8536,195175200,1.009193668
2018/8/31,56.627499,57.217499,56.5,56.907501,55.487377,173360400,1.011554033
2018/9/4,57.102501,57.294998,56.657501,57.09,55.665325,109560400,1.003206941
2018/9/5,57.247501,57.4175,56.275002,56.717499,55.302128,133332000,0.993475197
2018/9/6,56.557499,56.837502,55.325001,55.775002,54.383144,137160000,0.983382606
2018/9/7,55.462502,56.342499,55.177502,55.325001,53.944374,150479200,0.991931851
2018/9/10,55.237499,55.462502,54.1175,54.5825,53.220398,158066000,0.986579286
2018/9/11,54.502499,56.075001,54.139999,55.962502,54.565971,142996000,1.025282865
2018/9/12,56.235001,56.25,54.959999,55.267502,53.888309,197114800,0.98758097
2018/9/13,55.880001,57.087502,55.642502,56.602501,55.189991,166825600,1.024155226
2018/9/14,56.4375,56.709999,55.630001,55.959999,54.563526,127997200,0.988648876
2018/9/17,55.537498,55.737499,54.317501,54.470001,53.11071,148780400,0.973373874
2018/9/18,54.447498,55.462502,54.279999,54.560001,53.198463,126286800,1.001652286
2018/9/19,54.625,54.904999,53.825001,54.592499,53.230145,108495200,1.000595638
2018/9/20,55.060001,55.57,54.787498,55.0075,53.6348,106435200,1.007601795
2018/9/21,55.195,55.34,54.322498,54.415001,53.057083,384986800,0.98922876
2018/9/24,54.205002,55.314999,54.157501,55.197498,53.820053,110773600,1.014380171
2018/9/25,54.9375,55.705002,54.924999,55.547501,54.16132,98217600,1.006340921
2018/9/26,55.25,55.9375,54.939999,55.105,53.729858,95938800,0.992033827
2018/9/27,55.955002,56.610001,55.884998,56.237499,54.834099,120724800,1.020551656
2018/9/28,56.197498,56.459999,56.005001,56.435001,55.026672,91717600,1.003511927
2018/10/1,56.987499,57.355,56.587502,56.814999,55.397186,94403200,1.006733375
2018/10/2,56.8125,57.5,56.657501,57.32,55.889587,99152800,1.008888516
2018/10/3,57.512501,58.3675,57.445,58.017502,56.569679,114619200,1.012168562
2018/10/4,57.695,58.087502,56.682499,56.997501,55.575134,128168000,0.982419081
2018/10/5,56.990002,57.102501,55.145,56.072498,54.673214,134322000,0.983771166
2018/10/8,55.552502,56.200001,55.049999,55.942501,54.546471,118655600,0.997681626
2018/10/9,55.91,56.817501,55.5625,56.717499,55.302128,107564000,1.013853474
2018/10/10,56.365002,56.587502,54.012501,54.09,52.740185,167962400,0.953673927
2018/10/11,53.630001,54.875,53.080002,53.612499,52.274609,212497600,0.991172102
2018/10/12,55.105,55.720001,54.209999,55.5275,54.141819,161351600,1.035719301
2018/10/15,55.290001,55.4575,54.317501,54.34,52.983948,123164000,0.9786142
2018/10/16,54.732498,55.747501,54.189999,55.537498,54.151566,116736000,1.022037137
2018/10/17,55.575001,55.66,54.834999,55.297501,53.917561,91541600,0.995678649
2018/10/18,54.465,54.935001,53.25,54.005001,52.657307,130325200,0.97662643
2018/10/19,54.514999,55.314999,54.357498,54.827499,53.459282,132314800,1.015230034
2018/10/22,54.947498,55.84,54.735001,55.162498,53.785923,115168400,1.006110054
2018/10/23,53.9575,55.8125,53.674999,55.682499,54.29295,155071200,1.009426712
2018/10/24,55.650002,56.057499,53.634998,53.772499,52.430614,163702000,0.965698379
2018/10/25,54.427502,55.345001,54.1875,54.950001,53.578732,119423200,1.021897848
2018/10/26,53.974998,55.047501,53.1675,54.075001,52.725567,189033600,0.984076433
2018/10/29,54.797501,54.922501,51.522499,53.060001,51.735893,183742000,0.981229774
2018/10/30,52.787498,53.794998,52.317501,53.325001,51.994282,146640000,1.004994346
2018/10/31,54.220001,55.112499,54.154999,54.715,53.349594,153435600,1.026066554
2018/11/1,54.762501,55.59,54.202499,55.555,54.168629,233292800,1.01535228
2018/11/2,52.387501,53.412498,51.357498,51.869999,50.575588,365314800,0.933669319
2018/11/5,51.075001,51.0975,49.5425,50.397499,49.139832,264654800,0.971611721
2018/11/6,50.48,51.18,50.422501,50.942501,49.671238,127531600,1.010814068
2018/11/7,51.4925,52.514999,51.032501,52.487499,51.177677,133697600,1.030328271
2018/11/8,52.494999,52.529999,51.6875,52.122501,50.999111,101450400,0.993046001
2018/11/9,51.387501,51.502499,50.5625,51.1175,50.01577,137463200,0.980718481
2018/11/12,49.75,49.962502,48.447498,48.5425,47.496269,204542000,0.949625862
2018/11/13,47.907501,49.294998,47.862499,48.057499,47.021725,187531600,0.990008735
2018/11/14,48.474998,48.619999,46.482498,46.700001,45.693485,243204000,0.971752629
2018/11/15,47.0975,47.9925,46.724998,47.852501,46.821144,185915200,1.0246788
2018/11/16,47.625,48.7425,47.365002,48.3825,47.339722,147713200,1.01107568
2018/11/19,47.5,47.674999,46.247501,46.465,45.463551,167701200,0.960367902
2018/11/20,44.592499,45.3675,43.877499,44.244999,43.291397,271300800,0.952222081
2018/11/21,44.932499,45.067501,44.137501,44.195,43.242474,124496800,0.998869951
2018/11/23,43.735001,44.150002,43.025002,43.072498,42.144165,94496000,0.974601154
2018/11/26,43.560001,43.737499,42.564999,43.654999,42.714111,179994000,1.013523734
2018/11/27,42.877499,43.692501,42.720001,43.560001,42.621162,165549600,0.997823892
2018/11/28,44.182499,45.322498,43.732498,45.235001,44.260063,184250000,1.038452708
2018/11/29,45.665001,45.700001,44.424999,44.887501,43.920044,167080000,0.992317896
2018/11/30,45.072498,45.0825,44.2575,44.645,43.682777,158126000,0.994597583
2018/12/3,46.115002,46.235001,45.302502,46.205002,45.209152,163210000,1.034942368
2018/12/4,45.237499,45.5975,44.067501,44.172501,43.220459,165377200,0.956011234
2018/12/6,42.939999,43.695,42.605,43.68,42.738575,172393600,0.988850507
2018/12/7,43.372501,43.622501,42.075001,42.122501,41.214645,169126400,0.964342972
2018/12/10,41.25,42.522499,40.8325,42.400002,41.486164,248104000,1.006587952
2018/12/11,42.915001,42.947498,41.75,42.157501,41.24889,189126800,0.994280637
2018/12/12,42.599998,42.98,42.255001,42.275002,41.363853,142510800,1.002787191
2018/12/13,42.622501,43.142502,42.387501,42.737499,41.816387,127594400,1.010940201
2018/12/14,42.25,42.27,41.32,41.369999,40.478359,162814800,0.968002339
2018/12/17,41.362499,42.087502,40.682499,40.985001,40.101662,177151600,0.990693788
2018/12/18,41.345001,41.8825,41.0975,41.517502,40.622688,135366000,1.012992582
2018/12/19,41.5,41.862499,39.772499,40.2225,39.355591,196189200,0.968808287
2018/12/20,40.099998,40.5275,38.825001,39.2075,38.362465,259092000,0.974765368
2018/12/21,39.215,39.540001,37.407501,37.682499,36.870335,382978400,0.961104355
2018/12/24,37.037498,37.887501,36.647499,36.7075,35.916355,148676800,0.974125946
2018/12/26,37.075001,39.307499,36.68,39.2925,38.445637,234330000,1.070421576
2018/12/27,38.959999,39.192501,37.517502,39.037498,38.196133,212468400,0.993510161
2018/12/28,39.375,39.630001,38.637501,39.057499,38.215702,169165600,1.000512354
2018/12/31,39.6325,39.84,39.119999,39.435001,38.585068,140014000,1.009665289
2019/1/2,38.7225,39.712502,38.557499,39.48,38.629097,148158800,1.001141093
2019/1/3,35.994999,36.43,35.5,35.547501,34.781353,365248800,0.900392629
2019/1/4,36.1325,37.137501,35.950001,37.064999,36.266144,234428400,1.042689302
2019/1/7,37.174999,37.2075,36.474998,36.982498,36.185429,219111200,0.997774153
2019/1/8,37.389999,37.955002,37.130001,37.6875,36.875229,164101200,1.019063125
2019/1/9,37.822498,38.6325,37.407501,38.327499,37.501434,180396400,1.016981731
2019/1/10,38.125,38.4925,37.715,38.450001,37.6213,143122800,1.003196191
2019/1/11,38.220001,38.424999,37.877499,38.072498,37.25193,108092800,0.990181977
2019/1/14,37.712502,37.817501,37.305,37.5,36.691772,129756800,0.984962951
2019/1/15,37.567501,38.3475,37.512501,38.267502,37.442734,114843600,1.02046672
2019/1/16,38.27,38.970001,38.25,38.735001,37.900158,122278800,1.012216606
2019/1/17,38.549999,39.415001,38.314999,38.965,38.125195,119284800,1.005937756
2019/1/18,39.375,39.470001,38.994999,39.205002,38.360023,135004000,1.006159425
2019/1/22,39.102501,39.182499,38.154999,38.325001,37.498989,121576000,0.977553859
2019/1/23,38.537498,38.785,37.924999,38.48,37.65065,92522400,1.004044331
2019/1/24,38.5275,38.619999,37.935001,38.174999,37.352219,101766000,0.992073779
2019/1/25,38.869999,39.532501,38.580002,39.439999,38.589962,134142000,1.033136871
2019/1/28,38.947498,39.0825,38.415001,39.075001,38.232826,104768400,0.990745487
2019/1/29,39.0625,39.532501,38.5275,38.669998,37.836552,166348800,0.98963524
2019/1/30,40.8125,41.537498,40.057499,41.3125,40.422104,244439200,1.068334682
2019/1/31,41.5275,42.25,41.139999,41.610001,40.713184,162958400,1.007201234
2019/2/1,41.740002,42.244999,41.482498,41.630001,40.732758,130672400,1.000480654
2019/2/4,41.852501,42.915001,41.82,42.8125,41.889771,125982000,1.028404972
2019/2/5,43.215,43.77,43.087502,43.544998,42.606483,144406400,1.017109442
2019/2/6,43.662498,43.892502,43.212502,43.560001,42.621162,112958400,1.00034454
2019/2/7,43.099998,43.485001,42.584999,42.735001,41.813942,126966800,0.981060606
2019/2/8,42.247501,42.665001,42.105,42.602501,41.863079,95280000,0.996899497
2019/2/11,42.762501,42.802502,42.3125,42.357498,41.622322,83973600,0.994249093
2019/2/12,42.525002,42.75,42.424999,42.7225,41.980991,89134000,1.008617176
2019/2/13,42.8475,43.119999,42.48,42.544998,41.806568,89960800,0.995845234
2019/2/14,42.427502,42.814999,42.345001,42.700001,41.958885,87342800,1.003643272
2019/2/15,42.8125,42.924999,42.4375,42.605,41.865532,98507200,0.997775152
2019/2/19,42.427502,42.860001,42.372501,42.732498,41.990814,75891200,1.00299256
2019/2/20,42.797501,43.330002,42.747501,43.0075,42.261044,104457600,1.00643543
2019/2/21,42.950001,43.092499,42.575001,42.764999,42.022755,68998800,0.994361425
2019/2/22,42.895,43.25,42.845001,43.2425,42.491962,75652800,1.011165697
2019/2/25,43.540001,43.967499,43.487499,43.557499,42.801495,87493600,1.007284477
2019/2/26,43.427502,43.825001,43.2925,43.5825,42.826061,68280800,1.000573977
2019/2/27,43.302502,43.75,43.182499,43.717499,42.958721,111341600,1.003097551
2019/2/28,43.580002,43.727501,43.23,43.287498,42.536182,112861600,0.990164099
2019/3/1,43.57,43.787498,43.2225,43.7425,42.98328,103544800,1.010511164
2019/3/4,43.922501,44.4375,43.4925,43.962502,43.199471,109744800,1.005029479
2019/3/5,43.985001,44,43.634998,43.8825,43.120853,78949600,0.998180222
2019/3/6,43.6675,43.872501,43.485001,43.630001,42.872742,83241600,0.994246021
2019/3/7,43.467499,43.610001,43.005001,43.125,42.376507,99185600,0.988425373
2019/3/8,42.580002,43.267502,42.375,43.227501,42.477226,95997600,1.002376835
2019/3/11,43.872501,44.779999,43.837502,44.724998,43.94873,128044000,1.034642229
2019/3/12,45,45.6675,44.842499,45.227501,44.442513,129870400,1.011235395
2019/3/13,45.5625,45.825001,45.23,45.427502,44.639038,124130000,1.00442211
2019/3/14,45.974998,46.025002,45.639999,45.932499,45.135273,94318000,1.011116548
2019/3/15,46.212502,46.8325,45.935001,46.529999,45.722401,156171600,1.013008219
2019/3/18,46.450001,47.0975,46.447498,47.005001,46.189163,104879200,1.010208511
2019/3/19,47.087502,47.247501,46.48,46.6325,45.823128,126585600,0.99207529
2019/3/20,46.557499,47.372501,46.182499,47.040001,46.223557,124140800,1.008738562
2019/3/21,47.505001,49.0825,47.452499,48.772499,47.92598,204136800,1.036830314
2019/3/22,48.834999,49.422501,47.695,47.762501,46.933514,169630800,0.97929165
2019/3/25,47.877499,47.994999,46.650002,47.185001,46.366032,175381200,0.987908925
2019/3/26,47.915001,48.220001,46.145,46.697498,45.886997,199202000,0.989668263
2019/3/27,47.1875,47.439999,46.637501,47.1175,46.299709,119393600,1.008994101
2019/3/28,47.237499,47.389999,46.8825,47.18,46.361122,83121600,1.001326471
2019/3/29,47.4575,47.52,47.134998,47.487499,46.663288,94256000,1.006517571
2019/4/1,47.91,47.919998,47.095001,47.810001,46.980194,111448000,1.006791303
2019/4/2,47.772499,48.615002,47.762501,48.505001,47.663128,91062800,1.014536707
2019/4/3,48.3125,49.125,48.287498,48.837502,47.989861,93087200,1.006854984
2019/4/4,48.697498,49.092499,48.285,48.922501,48.073376,76457200,1.001740445
2019/4/5,49.112499,49.275002,48.982498,49.25,48.395191,74106400,1.006694241
2019/4/8,49.105,50.057499,49.084999,50.025002,49.156742,103526800,1.015736081
2019/4/9,50.080002,50.712502,49.807499,49.875,49.009346,143072800,0.997001459
2019/4/10,49.669998,50.185001,49.544998,50.154999,49.284485,86781200,1.005614015
2019/4/11,50.212502,50.25,49.610001,49.737499,48.874233,83603200,0.991675805
2019/4/12,49.799999,50.035,49.052502,49.717499,48.85458,111042800,0.999597889
2019/4/15,49.645,49.962502,49.502499,49.807499,48.943016,70146400,1.001810228
2019/4/16,49.865002,50.342499,49.639999,49.8125,48.947933,102785600,1.000100407
2019/4/17,49.884998,50.845001,49.6525,50.782501,49.901096,115627200,1.019473044
2019/4/18,50.779999,51.037498,50.630001,50.965,50.080433,96783200,1.003593738
2019/4/22,50.7075,51.235001,50.584999,51.1325,50.245026,77758000,1.003286569
2019/4/23,51.107498,51.9375,50.974998,51.869999,50.969719,93292000,1.014423292
2019/4/24,51.84,52.119999,51.762501,51.790001,50.891109,70162400,0.998457721
2019/4/25,51.7075,51.939999,51.279999,51.32,50.429272,74172800,0.99092487
2019/4/26,51.224998,51.25,50.529999,51.075001,50.188522,74596400,0.995226052
2019/4/29,51.099998,51.4925,50.965,51.1525,50.264679,88818800,1.001517357
2019/4/30,50.764999,50.849998,49.7775,50.1675,49.296772,186139600,0.980743854
2019/5/1,52.470001,53.827499,52.307499,52.630001,51.716534,259309200,1.049085583
2019/5/2,52.459999,53.162498,52.032501,52.287498,51.379974,127985200,0.993492248
2019/5/3,52.7225,52.959999,52.557499,52.9375,52.018696,83569600,1.012431308
2019/5/6,51.072498,52.209999,50.875,52.119999,51.215385,129772400,0.984557242
2019/5/7,51.470001,51.855,50.2075,50.715,49.834774,155054800,0.973042996
2019/5/8,50.474998,51.334999,50.4375,50.724998,49.844593,105358000,1.000197141
2019/5/9,50.099998,50.419998,49.165001,50.18,49.309052,139634400,0.98925583
2019/5/10,49.355,49.712502,48.192501,49.294998,48.625954,164834800,0.982363452
2019/5/13,46.927502,47.369999,45.712502,46.43,45.799843,229722400,0.941880553
2019/5/14,46.602501,47.424999,46.352501,47.165001,46.524864,146118800,1.015830304
2019/5/15,46.567501,47.9375,46.505001,47.73,47.082195,106178800,1.0119792
2019/5/16,47.477501,48.1175,47.209999,47.52,46.87505,132125600,0.995600251
2019/5/17,46.732498,47.724998,46.689999,47.25,46.608715,131516400,0.994318182
2019/5/20,45.880001,46.087502,45.07,45.772499,45.151264,154449200,0.968730138
2019/5/21,46.305,47,46.174999,46.650002,46.016857,113459200,1.019170966
2019/5/22,46.165001,46.427502,45.637501,45.695,45.074814,118994400,0.979528361
2019/5/23,44.950001,45.134998,44.452499,44.915001,44.305401,146118800,0.982930321
2019/5/24,45.049999,45.535,44.654999,44.7425,44.135246,94858800,0.99615939
2019/5/28,44.73,45.147499,44.477501,44.557499,43.952755,111792800,0.995865206
2019/5/29,44.105,44.837502,44,44.345001,43.743137,113924800,0.995230926
2019/5/30,44.487499,44.807499,44.1675,44.575001,43.97002,84873600,1.005186605
2019/5/31,44.057499,44.497501,43.747501,43.767502,43.173477,108174400,0.981884487
2019/6/3,43.900002,44.48,42.567501,43.325001,42.736977,161584400,0.989889736
2019/6/4,43.860001,44.9575,43.630001,44.91,44.300468,123872000,1.036583935
2019/6/5,46.07,46.247501,45.285,45.634998,45.015621,119093600,1.016143353
2019/6/6,45.77,46.3675,45.537498,46.305,45.676537,90105200,1.014681758
2019/6/7,46.627499,47.98,46.442501,47.537498,46.892303,122737600,1.026616953
2019/6/10,47.952499,48.842499,47.904999,48.145,47.491562,104883600,1.012779427
2019/6/11,48.715,49,48.400002,48.702499,48.041492,107731600,1.011579583
2019/6/12,48.487499,48.9925,48.3475,48.547501,47.888603,73012800,0.996817453
2019/6/13,48.674999,49.197498,48.400002,48.537498,47.878731,86698400,0.999793954
2019/6/14,47.887501,48.397499,47.575001,48.185001,47.531021,75046000,0.992737636
2019/6/17,48.224998,48.740002,48.0425,48.4725,47.814621,58676400,1.005966566
2019/6/18,49.012501,50.072498,48.802502,49.612499,48.939144,106204000,1.023518469
2019/6/19,49.919998,49.970001,49.327499,49.467499,48.796116,84496800,0.997077349
2019/6/20,50.092499,50.1525,49.5075,49.865002,49.188217,86056000,1.00803564
2019/6/21,49.700001,50.212502,49.537498,49.695,49.020523,191202400,0.996590755
2019/6/24,49.634998,50.040001,49.5425,49.645,48.971203,72881600,0.998993863
2019/6/25,49.607498,49.814999,48.822498,48.892502,48.22892,84281200,0.984842421
2019/6/26,49.442501,50.247501,49.337502,49.950001,49.272068,104270000,1.021629063
2019/6/27,50.072498,50.392502,49.892502,49.935001,49.257271,83598800,0.9996997
2019/6/28,49.669998,49.875,49.262501,49.48,48.808441,124442400,0.990888135
2019/7/1,50.7925,51.122501,50.162498,50.387501,49.703632,109012000,1.018340764
2019/7/2,50.352501,50.782501,50.34,50.682499,49.994621,67740800,1.005854587
2019/7/3,50.82,51.110001,50.672501,51.102501,50.40892,45448000,1.008286924
2019/7/5,50.837502,51.27,50.724998,51.057499,50.364529,69062000,0.999119378
2019/7/8,50.202499,50.349998,49.602501,50.005001,49.326317,101354400,0.979386025
2019/7/9,49.799999,50.377499,49.702499,50.310001,49.627182,82312000,1.00609939
2019/7/10,50.462502,50.932499,50.389999,50.807499,50.117928,71588400,1.00988865
2019/7/11,50.827499,51.0975,50.427502,50.4375,49.752949,80767200,0.99271763
2019/7/12,50.612499,51,50.549999,50.825001,50.135193,70380800,1.007682796
2019/7/15,51.022499,51.467499,51,51.302502,50.606209,67789600,1.009395002
2019/7/16,51.147499,51.5275,50.875,51.125,50.431118,67467200,0.996540091
2019/7/17,51.012501,51.272499,50.817501,50.837502,50.147518,56430000,0.994376567
2019/7/18,51,51.470001,50.924999,51.415001,50.717182,74162400,1.011359704
2019/7/19,51.447498,51.625,50.59,50.647499,49.960094,83717200,0.985072411
2019/7/22,50.912498,51.807499,50.9025,51.805,51.101891,89111600,1.02285406
2019/7/23,52.115002,52.227501,51.822498,52.209999,51.501389,73420800,1.007817759
2019/7/24,51.9175,52.287498,51.7925,52.1675,51.459473,59966400,0.999185999
2019/7/25,52.2225,52.310001,51.682499,51.755001,51.05257,55638400,0.992092797
2019/7/26,51.869999,52.432499,51.785,51.935001,51.230125,70475600,1.003477925
2019/7/29,52.115002,52.66,52.110001,52.419998,51.708538,86693600,1.009338538
2019/7/30,52.189999,52.540001,51.827499,52.195,51.486591,135742800,0.995707783
2019/7/31,54.105,55.342499,52.825001,53.259998,52.53714,277125600,1.020404215
2019/8/1,53.474998,54.5075,51.685001,52.107498,51.40028,216071600,0.97836087
2019/8/2,51.3825,51.607498,50.407501,51.005001,50.312748,163448400,0.978841874
2019/8/5,49.497501,49.662498,48.145,48.334999,47.678982,209572000,0.947652153
2019/8/6,49.077499,49.517502,48.509998,49.25,48.581562,143299200,1.018930403
2019/8/7,48.852501,49.889999,48.455002,49.759998,49.084641,133457600,1.010355289
2019/8/8,50.049999,50.8825,49.8475,50.857498,50.167248,108038000,1.022055869
2019/8/9,50.325001,50.689999,49.822498,50.247501,49.753849,98478800,0.988005761
2019/8/12,49.904999,50.512501,49.787498,50.119999,49.627602,89927600,0.997462521
2019/8/13,50.255001,53.035,50.119999,52.2425,51.729252,188874000,1.042348385
2019/8/14,50.790001,51.610001,50.647499,50.6875,50.189526,146189600,0.970234962
2019/8/15,50.865002,51.285,49.9175,50.435001,49.939507,108909600,0.995018515
2019/8/16,51.07,51.790001,50.959999,51.625,51.117813,110481600,1.023594706
2019/8/19,52.654999,53.182499,52.5075,52.587502,52.070862,97654400,1.018644107
2019/8/20,52.720001,53.337502,52.580002,52.59,52.073338,107537200,1.000047502
2019/8/21,53.247501,53.412498,52.900002,53.16,52.637737,86141600,1.010838562
2019/8/22,53.297501,53.610001,52.6875,53.115002,52.593182,89014800,0.999153536
2019/8/23,52.357498,53.012501,50.25,50.66,50.1623,187272000,0.953779499
2019/8/26,51.465,51.797501,51.264999,51.622501,51.115337,104174400,1.01899923
2019/8/27,51.965,52.137501,50.8825,51.040001,50.538563,103493200,0.988716161
2019/8/28,51.025002,51.43,50.830002,51.3825,50.877701,63755200,1.006710403
2019/8/29,52.125,52.330002,51.665001,52.252499,51.739151,83962000,1.016931815
2019/8/30,52.540001,52.612499,51.799999,52.185001,51.672314,84573600,0.998708234
2019/9/3,51.607498,51.744999,51.055,51.424999,50.919777,80092000,0.98543639
2019/9/4,52.0975,52.369999,51.830002,52.297501,51.783714,76752400,1.016966495
2019/9/5,53,53.4925,52.877499,53.32,52.796162,95654800,1.019551584
2019/9/6,53.512501,53.605,53.127499,53.314999,52.79121,77449200,0.999906208
2019/9/9,53.709999,54.110001,52.767502,53.5425,53.016479,109237600,1.004267111
2019/9/10,53.465,54.195,52.927502,54.174999,53.642761,127111600,1.011813027
2019/9/11,54.517502,55.927502,54.432499,55.897499,55.348343,177158400,1.031795109
2019/9/12,56.200001,56.605,55.715,55.772499,55.224567,128906800,0.997763764
2019/9/13,55,55.197498,54.255001,54.6875,54.15023,159053200,0.980545986
2019/9/16,54.432499,55.032501,54.389999,54.974998,54.434902,84632400,1.005257106
2019/9/17,54.990002,55.205002,54.779999,55.174999,54.632942,73274800,1.003638036
2019/9/18,55.264999,55.712502,54.860001,55.692501,55.145359,101360000,1.009379284
2019/9/19,55.502499,55.939999,55.092499,55.240002,54.697304,88242400,0.991875046
2019/9/20,55.345001,55.639999,54.3675,54.432499,53.897728,221652400,0.985381916
2019/9/23,54.737499,54.959999,54.412498,54.68,54.142803,76662000,1.004546934
2019/9/24,55.2575,55.622501,54.297501,54.419998,53.885353,124763200,0.995245026
2019/9/25,54.637501,55.375,54.285,55.2575,54.714626,87613600,1.0153896
2019/9/26,55,55.235001,54.7075,54.9725,54.43243,75334000,0.994842329
2019/9/27,55.134998,55.240002,54.32,54.705002,54.167561,101408000,0.995133967
2019/9/30,55.224998,56.145,55.197498,55.9925,55.442406,103909600,1.023535288
2019/10/1,56.267502,57.055,56.049999,56.147499,55.595886,139223200,1.00276821
2019/10/2,55.764999,55.895,54.482498,54.740002,54.202213,138449200,0.974932151
2019/10/3,54.607498,55.240002,53.782501,55.205002,54.662643,114426000,1.008494702
2019/10/4,56.41,56.872501,55.9725,56.752499,56.194942,138478800,1.028031826
2019/10/7,56.567501,57.482498,56.459999,56.764999,56.207317,122306000,1.000220255
2019/10/8,56.455002,57.014999,56.0825,56.099998,55.548851,111820000,0.988285017
2019/10/9,56.7575,56.947498,56.41,56.7575,56.199894,74770400,1.011720179
2019/10/10,56.982498,57.610001,56.825001,57.522499,56.957375,113013600,1.013478377
2019/10/11,58.237499,59.41,58.077499,59.052502,58.472343,166795600,1.02659834
2019/10/14,58.724998,59.532501,58.6675,58.967499,58.38818,96427600,0.998560552
2019/10/15,59.0975,59.412498,58.720001,58.830002,58.252033,87360000,0.997668258
2019/10/16,58.342499,58.810001,58.299999,58.592499,58.016861,73903200,0.995962893
2019/10/17,58.772499,59.037498,58.380001,58.82,58.24213,67585200,1.003882767
2019/10/18,58.647499,59.395,58.572498,59.102501,58.521858,97433600,1.004802805
2019/10/21,59.380001,60.247501,59.330002,60.127499,59.536781,87247200,1.017342718
2019/10/22,60.290001,60.549999,59.904999,59.990002,59.400635,82293600,0.997713243
2019/10/23,60.525002,60.810001,60.305,60.794998,60.197727,75828800,1.013418836
2019/10/24,61.127499,61.200001,60.452499,60.895,60.296741,69275200,1.001644905
2019/10/25,60.790001,61.682499,60.720001,61.645,61.039375,73477200,1.012316282
2019/10/28,61.855,62.3125,61.68,62.262501,61.65081,96572800,1.010017049
2019/10/29,62.2425,62.4375,60.642502,60.822498,60.224953,142839600,0.976872066
2019/10/30,61.189999,61.325001,60.302502,60.814999,60.217525,124522000,0.999876707
2019/10/31,61.810001,62.2925,59.314999,62.189999,61.579021,139162000,1.022609554
2019/11/1,62.384998,63.982498,62.290001,63.955002,63.326683,151125200,1.028380817
2019/11/4,64.332497,64.462502,63.845001,64.375,63.742554,103272000,1.006567086
2019/11/5,64.262497,64.547501,64.080002,64.282501,63.65097,79897600,0.998563122
2019/11/6,64.192497,64.372498,63.842499,64.309998,63.678192,75864400,1.000427752
2019/11/7,64.684998,65.087502,64.527496,64.857498,64.413116,94940400,1.008513451
2019/11/8,64.672501,65.110001,64.212502,65.035004,64.589409,69986400,1.002736862
2019/11/11,64.574997,65.6175,64.57,65.550003,65.100876,81821200,1.007918797
2019/11/12,65.387497,65.697502,65.230003,65.489998,65.041283,87388800,0.999084592
2019/11/13,65.282501,66.195,65.267502,66.1175,65.66449,102734400,1.009581646
2019/11/14,65.9375,66.220001,65.525002,65.660004,65.210121,89182800,0.993080561
2019/11/15,65.919998,66.445,65.752502,66.440002,65.984779,100206400,1.011879347
2019/11/18,66.449997,66.857498,66.057503,66.775002,66.31749,86703200,1.005042143
2019/11/19,66.974998,67,66.347504,66.572502,66.116371,76167200,0.996967428
2019/11/20,66.385002,66.519997,65.099998,65.797501,65.346687,106234400,0.988358542
2019/11/21,65.922501,66.002502,65.294998,65.502502,65.053703,121395200,0.995516562
2019/11/22,65.647499,65.794998,65.209999,65.445,64.996597,65325200,0.99912214
2019/11/25,65.677498,66.610001,65.629997,66.592499,66.13623,84020400,1.017533792
2019/11/26,66.735001,66.790001,65.625,66.072502,65.619789,105207600,0.992191358
2019/11/27,66.394997,66.995003,66.327499,66.959999,66.501213,65235600,1.013432169
2019/11/29,66.650002,67,66.474998,66.8125,66.354729,46617600,0.997797207
2019/12/2,66.817497,67.0625,65.862503,66.040001,65.587517,94487200,0.988437807
2019/12/3,64.577499,64.8825,64.072502,64.862503,64.418091,114430400,0.982169928
2019/12/4,65.267502,65.827499,65.169998,65.434998,64.986664,67181600,1.008826286
2019/12/5,65.947502,66.472504,65.682503,66.394997,65.940086,74424400,1.014671033
2019/12/6,66.870003,67.75,66.824997,67.677498,67.213799,106075600,1.01931623
2019/12/9,67.5,67.699997,66.227501,66.730003,66.272789,128042400,0.985999852
2019/12/10,67.150002,67.517502,66.464996,67.120003,66.660126,90420400,1.005844448
2019/12/11,67.202499,67.775002,67.125,67.692497,67.228699,78756800,1.00852941
2019/12/12,66.945,68.139999,66.830002,67.864998,67.400017,137310400,1.002548303
2019/12/13,67.864998,68.824997,67.732498,68.787498,68.316193,133587600,1.013593163
2019/12/16,69.25,70.197502,69.245003,69.964996,69.485619,128186000,1.017117907
2019/12/17,69.892502,70.442497,69.699997,70.102501,69.622192,114158400,1.00196534
2019/12/18,69.949997,70.474998,69.779999,69.934998,69.455833,116028400,0.997610599
2019/12/19,69.875,70.294998,69.737503,70.004997,69.525352,98369200,1.001000915
2019/12/20,70.557503,70.662498,69.639999,69.860001,69.381348,275978000,0.997928776
2019/12/23,70.1325,71.0625,70.092499,71,70.513535,98572000,1.016318336
2019/12/24,71.172501,71.222504,70.730003,71.067497,70.580566,48478800,1.000950662
2019/12/26,71.205002,72.495003,71.175003,72.477501,71.980911,93121200,1.01984035
2019/12/27,72.779999,73.4925,72.029999,72.449997,71.953598,146266000,0.999620517
2019/12/30,72.364998,73.172501,71.305,72.879997,72.380653,144114400,1.005935128
2019/12/31,72.482498,73.419998,72.379997,73.412498,72.9095,100805600,1.007306545
2020/1/2,74.059998,75.150002,73.797501,75.087502,74.573036,135480400,1.022816333
2020/1/3,74.287498,75.144997,74.125,74.357498,73.84803,146322800,0.990277956
2020/1/6,73.447502,74.989998,73.1875,74.949997,74.43647,118387200,1.007968248
2020/1/7,74.959999,75.224998,74.370003,74.597504,74.086395,108872000,0.995296958
2020/1/8,74.290001,76.110001,74.290001,75.797501,75.27816,132079200,1.016086289
2020/1/9,76.809998,77.607498,76.550003,77.407501,76.877136,170108400,1.021240806
2020/1/10,77.650002,78.167503,77.0625,77.582497,77.050926,140644800,1.002260711
2020/1/13,77.910004,79.267502,77.787498,79.239998,78.697075,121532000,1.021364368
2020/1/14,79.175003,79.392502,78.042503,78.169998,77.634407,161954400,0.986496718
2020/1/15,77.962502,78.875,77.387497,77.834999,77.301704,121923600,0.995714481
2020/1/16,78.397499,78.925003,78.022499,78.809998,78.27002,108829200,1.012526486
2020/1/17,79.067497,79.684998,78.75,79.682503,79.136551,137816400,1.011070994
2020/1/21,79.297501,79.754997,79,79.142502,78.60025,110843200,0.993223092
2020/1/22,79.644997,79.997498,79.327499,79.425003,78.880821,101832400,1.003569523
2020/1/23,79.480003,79.889999,78.912498,79.807503,79.260696,104472000,1.004815864
2020/1/24,80.0625,80.832497,79.379997,79.577499,79.032265,146537600,0.997118015
2020/1/27,77.514999,77.942497,76.220001,77.237503,76.708298,161940000,0.970594753
2020/1/28,78.150002,79.599998,78.047501,79.422501,78.878326,162234000,1.02828934
2020/1/29,81.112503,81.962502,80.345001,81.084999,80.529434,216229200,1.02093233
2020/1/30,80.135002,81.022499,79.6875,80.967499,80.412743,126743200,0.998550903
2020/1/31,80.232498,80.669998,77.072502,77.377502,76.847343,199588400,0.955661259
2020/2/3,76.074997,78.372498,75.555,77.165001,76.636299,173985600,0.997253711
2020/2/4,78.827499,79.910004,78.407501,79.712502,79.166336,136616400,1.033013685
2020/2/5,80.879997,81.190002,79.737503,80.362503,79.811897,118826800,1.008154317
2020/2/6,80.642502,81.305,80.065002,81.302498,80.745445,105425600,1.011696935
2020/2/7,80.592499,80.849998,79.5,80.0075,79.647896,117684000,0.984071855
2020/2/10,78.544998,80.387497,78.462502,80.387497,80.026192,109348800,1.004749517
2020/2/11,80.900002,80.974998,79.677498,79.902496,79.543365,94323200,0.993966711
2020/2/12,80.3675,81.805,80.3675,81.800003,81.43235,113730400,1.023747781
2020/2/13,81.047501,81.555,80.837502,81.217499,80.852463,94747600,0.992878924
2020/2/14,81.184998,81.495003,80.712502,81.237503,80.872375,80113600,1.000246302
2020/2/18,78.839996,79.9375,78.652496,79.75,79.391556,152531200,0.981689454
2020/2/19,80,81.142502,80,80.904999,80.541367,93984000,1.014482746
2020/2/20,80.657501,81.162498,79.552498,80.074997,79.715088,100566000,0.989741029
2020/2/21,79.654999,80.112503,77.625,78.262497,77.910744,129554000,0.977364969
2020/2/24,74.315002,76.044998,72.307503,74.544998,74.209946,222195200,0.952499612
2020/2/25,75.237503,75.6325,71.532501,72.019997,71.696297,230673600,0.966127828
2020/2/26,71.6325,74.470001,71.625,73.162498,72.833664,198054800,1.015863664
2020/2/27,70.275002,71.5,68.239998,68.379997,68.072662,320605600,0.934631797
2020/2/28,64.315002,69.602501,64.092499,68.339996,68.032837,106721200,0.999415019
2020/3/2,70.57,75.360001,69.43,74.702499,74.366737,85349300,1.093100722
2020/3/3,75.917503,76,71.449997,72.330002,72.004913,79868900,0.968240728
2020/3/4,74.110001,75.849998,73.282501,75.684998,75.344826,54794600,1.046384569
2020/3/5,73.879997,74.887497,72.852501,73.230003,72.900864,46893200,0.96756299
2020/3/6,70.5,72.705002,70.307503,72.2575,71.932739,56544200,0.986719883
2020/3/9,65.9375,69.522499,65.75,66.542503,66.243423,71686200,0.920907906
2020/3/10,69.285004,71.610001,67.342499,71.334999,71.014381,71322500,1.072021577
2020/3/11,69.347504,70.305,67.964996,68.857498,68.548012,63899700,0.965269489
2020/3/12,63.985001,67.5,62,62.057499,61.77858,104618500,0.901245337
2020/3/13,66.222504,69.980003,63.237499,69.4925,69.180161,92683000,1.11980826
2020/3/16,60.487499,64.769997,60,60.552502,60.280346,80605900,0.871353052
2020/3/17,61.877499,64.402496,59.599998,63.215,62.930878,80876700,1.043970074
2020/3/18,59.942501,62.5,59.279999,61.6675,61.390331,300233600,0.975520051
2020/3/19,61.8475,63.209999,60.6525,61.195,60.919952,271857200,0.992337941
2020/3/20,61.794998,62.9575,57,57.310001,57.052418,401693200,0.936514437
2020/3/23,57.02,57.125,53.1525,56.092499,55.840385,336752800,0.978755854
2020/3/24,59.09,61.922501,58.575001,61.720001,61.442596,287531200,1.100325393
2020/3/25,62.6875,64.5625,61.075001,61.380001,61.104122,303602000,0.994491251
2020/3/26,61.630001,64.669998,61.59,64.610001,64.319611,252087200,1.052623003
2020/3/27,63.1875,63.967499,61.762501,61.935001,61.656628,204216800,0.958597741
2020/3/30,62.685001,63.880001,62.349998,63.702499,63.416183,167976400,1.028537951
2020/3/31,63.900002,65.622498,63,63.572498,63.28677,197002000,0.997959248
2020/4/1,61.625,62.18,59.782501,60.227501,59.956806,176218400,0.947382955
2020/4/2,60.084999,61.287498,59.224998,61.232498,60.957287,165934000,1.016686679
2020/4/3,60.700001,61.424999,59.7425,60.352501,60.081242,129880000,0.985628595
2020/4/6,62.724998,65.777496,62.345001,65.6175,65.322578,201820400,1.087237462
2020/4/7,67.699997,67.925003,64.75,64.857498,64.565994,202887200,0.988417693
2020/4/8,65.684998,66.842499,65.307503,66.517502,66.218536,168895200,1.025594635
2020/4/9,67.175003,67.517502,66.175003,66.997498,66.696373,162116400,1.007216086
2020/4/13,67.077499,68.425003,66.457497,68.3125,68.00547,131022800,1.019627628
2020/4/14,70,72.0625,69.512497,71.762497,71.439957,194994800,1.050503158
2020/4/15,70.599998,71.582497,70.157501,71.107498,70.787903,131154400,0.990872684
2020/4/16,71.845001,72.050003,70.587502,71.672501,71.350365,157125200,1.007945758
2020/4/17,71.172501,71.737503,69.214996,70.699997,70.382233,215250000,0.986431281
2020/4/20,69.487503,70.419998,69.212502,69.232498,68.921326,130015200,0.979243295
2020/4/21,69.07,69.3125,66.357498,67.092499,66.790947,180991600,0.969089675
2020/4/22,68.402496,69.474998,68.050003,69.025002,68.71476,117057200,1.028803563
2020/4/23,68.967499,70.4375,68.717499,68.7575,68.448463,124814400,0.996124564
2020/4/24,69.300003,70.752502,69.25,70.7425,70.424545,126508800,1.028869578
2020/4/27,70.449997,71.135002,69.987503,70.792503,70.474319,117087600,1.000706831
2020/4/28,71.269997,71.457497,69.550003,69.644997,69.33197,112004800,0.983790572
2020/4/29,71.182503,72.417503,70.972504,71.932503,71.6092,137280800,1.032845231
2020/4/30,72.489998,73.6325,72.087502,73.449997,73.119873,183064000,1.021096082
2020/5/1,71.5625,74.75,71.462502,72.267502,71.942688,240616800,0.98390068
2020/5/4,72.292503,73.422501,71.580002,73.290001,72.960594,133568000,1.014148808
2020/5/5,73.764999,75.25,73.614998,74.389999,74.055649,147751200,1.015008841
2020/5/6,75.114998,75.809998,74.717499,75.157501,74.819695,142333600,1.010317274
2020/5/7,75.805,76.292503,75.4925,75.934998,75.593697,115215200,1.010344902
2020/5/8,76.410004,77.587502,76.072502,77.532501,77.39296,134048000,1.02103777
2020/5/11,77.025002,79.262497,76.809998,78.752502,78.610764,145946400,1.015735349
2020/5/12,79.457497,79.922501,77.727501,77.852501,77.712387,162301200,0.988571779
2020/5/13,78.037498,78.987503,75.802498,76.912498,76.774071,200622400,0.987925847
2020/5/14,76.127502,77.447502,75.3825,77.385002,77.245728,158929200,1.006143397
2020/5/15,75.087502,76.974998,75.052498,76.927498,76.789047,166348400,0.99408795
2020/5/18,78.292503,79.125,77.580002,78.739998,78.598282,135372400,1.023561146
2020/5/19,78.7575,79.629997,78.252502,78.285004,78.144112,101729600,0.994221564
2020/5/20,79.169998,79.879997,79.129997,79.807503,79.663872,111504800,1.019448156
2020/5/21,79.665001,80.222504,78.967499,79.212502,79.069939,102688800,0.992544548
2020/5/22,78.942497,79.807503,78.837502,79.722504,79.579025,81803200,1.006438403
2020/5/26,80.875,81.059998,79.125,79.182503,79.039993,125522000,0.993226492
2020/5/27,79.035004,79.677498,78.272499,79.527496,79.384369,112945200,1.004356935
2020/5/28,79.192497,80.860001,78.907501,79.5625,79.419304,133560800,1.00044015
2020/5/29,79.8125,80.287498,79.1175,79.485001,79.341949,153598000,0.999025936
2020/6/1,79.4375,80.587502,79.302498,80.462502,80.317688,80791200,1.01229793
2020/6/2,80.1875,80.860001,79.732498,80.834999,80.689514,87642800,1.004629448
2020/6/3,81.165001,81.550003,80.574997,81.279999,81.133713,104491200,1.005505041
2020/6/4,81.097504,81.404999,80.195,80.580002,80.434975,87560400,0.991387832
2020/6/5,80.837502,82.9375,80.807503,82.875,82.725845,137250400,1.028480987
2020/6/8,82.5625,83.400002,81.830002,83.364998,83.214958,95654400,1.005912495
2020/6/9,83.035004,86.402496,83.002502,85.997498,85.84272,147712400,1.031578001
2020/6/10,86.974998,88.692497,86.522499,88.209999,88.051239,166651600,1.025727504
2020/6/11,87.327499,87.764999,83.870003,83.974998,83.82386,201662400,0.951989558
2020/6/12,86.18,86.949997,83.555,84.699997,84.547554,200146000,1.00863351
2020/6/15,83.3125,86.419998,83.144997,85.747498,85.59317,138808800,1.012367191
2020/6/16,87.864998,88.300003,86.18,88.019997,87.86158,165428800,1.026502219
2020/6/17,88.787498,88.849998,87.772499,87.897499,87.739304,114406400,0.998608294
2020/6/18,87.852501,88.362503,87.305,87.932503,87.774246,96820400,1.000398237
2020/6/19,88.660004,89.139999,86.287498,87.43,87.272644,264476000,0.994285355
2020/6/22,87.834999,89.864998,87.787498,89.717499,89.55603,135445200,1.026163777
2020/6/23,91,93.095001,90.567497,91.6325,91.467583,212155600,1.021344788
2020/6/24,91.25,92.197502,89.629997,90.014999,89.852997,192623200,0.982347955
2020/6/25,90.175003,91.25,89.392502,91.209999,91.045845,137522400,1.013275565
2020/6/26,91.102501,91.330002,88.254997,88.407501,88.24839,205256800,0.969274224
2020/6/29,88.3125,90.542503,87.82,90.445,90.282219,130646000,1.023046676
2020/6/30,90.019997,91.495003,90,91.199997,91.035858,140223200,1.008347581
2020/7/1,91.279999,91.839996,90.977501,91.027496,90.86367,110737200,0.998108542
2020/7/2,91.962502,92.6175,90.910004,91.027496,90.86367,114041600,1
2020/7/6,92.5,93.945,92.467499,93.462502,93.294289,118655600,1.026750225
2020/7/7,93.852501,94.654999,93.057503,93.172501,93.004814,112424400,0.996897141
2020/7/8,94.18,95.375,94.089996,95.342499,95.170906,117092000,1.023290112
2020/7/9,96.262497,96.317497,94.672501,95.752502,95.58017,125642800,1.004300317
2020/7/10,95.334999,95.980003,94.705002,95.919998,95.747368,90257200,1.00174926
2020/7/13,97.264999,99.955002,95.2575,95.477501,95.305664,191649200,0.995386812
2020/7/14,94.839996,97.254997,93.877502,97.057503,96.88282,170989200,1.016548422
2020/7/15,98.989998,99.247498,96.489998,97.724998,97.549118,153198000,1.006877315
2020/7/16,96.5625,97.404999,95.904999,96.522499,96.348778,110577600,0.987695073
2020/7/17,96.987503,97.147499,95.839996,96.327499,96.154129,92186800,0.997979746
2020/7/20,96.417503,98.5,96.0625,98.357498,98.180481,90318000,1.02107393
2020/7/21,99.172501,99.25,96.7425,97,96.825424,103646000,0.986198327
2020/7/22,96.692497,97.974998,96.602501,97.272499,97.097435,89001600,1.002809268
2020/7/23,96.997498,97.077499,92.010002,92.845001,92.677902,197004400,0.954483559
2020/7/24,90.987503,92.970001,89.144997,92.614998,92.448311,185438800,0.997522721
2020/7/27,93.709999,94.904999,93.480003,94.809998,94.639359,121214000,1.023700265
2020/7/28,94.3675,94.550003,93.247498,93.252502,93.084671,103625600,0.98357245
2020/7/29,93.75,95.230003,93.712502,95.040001,94.86895,90329200,1.019168376
2020/7/30,94.1875,96.297501,93.767502,96.190002,96.016884,158130000,1.012100179
2020/7/31,102.885002,106.415001,100.824997,106.260002,106.068756,374336800,1.104688635
2020/8/3,108.199997,111.637497,107.892502,108.9375,108.74144,308151200,1.025197609
2020/8/4,109.1325,110.790001,108.387497,109.665001,109.467628,173071600,1.00667815
2020/8/5,109.377502,110.392502,108.897499,110.0625,109.86441,121992000,1.003624666
2020/8/6,110.404999,114.412498,109.797501,113.902496,113.697502,202428800,1.034889231
2020/8/7,113.205002,113.675003,110.292503,111.112503,111.112503,198045600,0.975505427
2020/8/10,112.599998,113.775002,110,112.727501,112.727501,212403600,1.0145348
2020/8/11,111.970001,112.482498,109.107498,109.375,109.375,187902400,0.970260132
2020/8/12,110.497498,113.275002,110.297501,113.010002,113.010002,165944800,1.033234304
2020/8/13,114.43,116.042503,113.927498,115.010002,115.010002,210082000,1.017697549
2020/8/14,114.830002,115,113.044998,114.907501,114.907501,165565200,0.999108764
2020/8/17,116.0625,116.087502,113.962502,114.607498,114.607498,119561600,0.997389178
2020/8/18,114.352501,116,114.0075,115.5625,115.5625,105633600,1.008332806
2020/8/19,115.982498,117.162498,115.610001,115.707497,115.707497,145538000,1.001254706
2020/8/20,115.75,118.392502,115.732498,118.275002,118.275002,126907200,1.022189617
2020/8/21,119.262497,124.8675,119.25,124.370003,124.370003,338054800,1.051532453
2020/8/24,128.697495,128.785004,123.9375,125.857498,125.857498,345937600,1.011960239
2020/8/25,124.697502,125.18,123.052498,124.824997,124.824997,211495600,0.991796269
2020/8/26,126.18,126.9925,125.082497,126.522499,126.522499,163022400,1.013599055
2020/8/27,127.142502,127.485001,123.832497,125.010002,125.010002,155552400,0.988045628
2020/8/28,126.012497,126.442497,124.577499,124.807503,124.807503,187630000,0.998380138
2020/8/31,127.580002,131,126,129.039993,129.039993,225702700,1.033912144
2020/9/1,132.759995,134.800003,130.529999,134.179993,134.179993,152470100,1.039832612
2020/9/2,137.589996,137.979996,127,131.399994,131.399994,200119000,0.979281568
2020/9/3,126.910004,128.839996,120.5,120.879997,120.879997,257599600,0.919939136
2020/9/4,120.07,123.699997,110.889999,120.959999,120.959999,332607200,1.00066183
2020/9/8,113.949997,118.989998,112.68,112.82,112.82,231366600,0.932705034
2020/9/9,117.260002,119.139999,115.260002,117.32,117.32,176940500,1.039886545
2020/9/10,120.360001,120.5,112.5,113.489998,113.489998,182274400,0.967354228
2020/9/11,114.57,115.230003,110,112,112,180860300,0.986871107
2020/9/14,114.720001,115.93,112.800003,115.360001,115.360001,140150100,1.030000009
2020/9/15,118.330002,118.830002,113.610001,115.540001,115.540001,184642000,1.001560333
2020/9/16,115.230003,116,112.040001,112.129997,112.129997,154679000,0.970486377
